ventana_id,inicio_fila,fin_fila,J,Q,K,A,total_cartas
1,0,9,6,6,6,7,50
2,10,19,3,4,3,7,50
3,20,29,1,2,6,5,50
4,30,39,7,3,5,2,50
5,40,49,3,4,3,7,50
6,50,59,2,3,6,3,50
7,60,69,2,1,4,7,50
8,70,79,3,1,7,5,50
9,80,89,4,6,6,3,50
10,90,99,4,8,0,5,50
11,100,109,7,7,3,5,50
12,110,119,4,5,7,2,50
13,120,129,5,5,6,5,50
14,130,139,3,6,4,2,50
15,140,149,4,4,2,4,50
16,150,159,3,2,4,3,50
17,160,169,4,3,4,3,50
18,170,179,1,4,2,3,50
19,180,189,5,4,3,9,50
20,190,199,5,3,5,5,50
21,200,209,3,3,5,5,50
22,210,219,2,7,6,5,50
23,220,229,9,4,5,2,50
24,230,239,4,5,1,6,50
25,240,249,3,3,6,1,50
26,250,259,5,4,0,4,50
27,260,269,4,1,4,6,50
28,270,279,4,5,4,4,50
29,280,289,0,6,5,3,50
30,290,299,4,4,4,2,50
31,300,309,2,6,7,4,50
32,310,319,5,4,8,3,50
33,320,329,4,6,2,4,50
34,330,339,0,6,4,4,50
35,340,349,4,3,4,2,50
36,350,359,5,4,7,1,50
37,360,369,2,3,2,4,50
38,370,379,8,4,2,1,50
39,380,389,1,1,6,5,50
40,390,399,5,7,3,4,50
41,400,409,4,6,6,4,50
42,410,419,8,2,2,1,50
43,420,429,5,4,1,2,50
44,430,439,5,2,2,6,50
45,440,449,4,3,6,3,50
46,450,459,3,3,3,4,50
47,460,469,6,3,5,2,50
48,470,479,4,5,3,6,50
49,480,489,3,4,5,2,50
50,490,499,2,1,5,3,50
51,500,509,3,5,5,2,50
52,510,519,4,4,7,2,50
53,520,529,3,8,4,3,50
54,530,539,3,3,5,2,50
55,540,549,4,2,6,4,50
56,550,559,1,5,4,5,50
57,560,569,6,2,4,3,50
58,570,579,7,3,4,5,50
59,580,589,3,2,5,5,50
60,590,599,5,5,2,2,50
61,600,609,4,3,8,5,50
62,610,619,3,2,3,3,50
63,620,629,3,4,6,4,50
64,630,639,5,5,5,3,50
65,640,649,1,6,5,5,50
66,650,659,3,8,3,5,50
67,660,669,5,6,3,6,50
68,670,679,2,7,5,2,50
69,680,689,4,6,6,3,50
70,690,699,5,5,4,1,50
71,700,709,7,4,7,4,50
72,710,719,3,3,3,2,50
73,720,729,1,3,1,7,50
74,730,739,2,6,6,3,50
75,740,749,1,4,2,2,50
76,750,759,6,2,2,4,50
77,760,769,4,5,1,5,50
78,770,779,2,0,7,3,50
79,780,789,1,4,5,6,50
80,790,799,4,3,6,4,50
81,800,809,1,2,1,6,50
82,810,819,2,5,6,4,50
83,820,829,6,4,3,7,50
84,830,839,3,7,6,1,50
85,840,849,5,1,6,4,50
86,850,859,2,1,4,6,50
87,860,869,9,4,3,2,50
88,870,879,4,4,5,6,50
89,880,889,5,4,1,0,50
90,890,899,7,5,5,5,50
91,900,909,3,7,5,2,50
92,910,919,3,2,6,5,50
93,920,929,1,5,5,3,50
94,930,939,1,3,3,6,50
95,940,949,6,7,2,3,50
96,950,959,0,3,5,3,50
97,960,969,7,8,5,7,50
98,970,979,5,1,2,3,50
99,980,989,2,3,6,4,50
100,990,999,7,3,8,2,50
101,1000,1009,5,1,2,4,50
102,1010,1019,4,4,3,3,50
103,1020,1029,3,5,3,3,50
104,1030,1039,4,3,1,4,50
105,1040,1049,5,1,5,2,50
106,1050,1059,3,1,5,4,50
107,1060,1069,6,3,3,4,50
108,1070,1079,3,1,1,6,50
109,1080,1089,4,2,5,6,50
110,1090,1099,1,2,5,3,50
111,1100,1109,5,2,3,4,50
112,1110,1119,3,3,7,4,50
113,1120,1129,2,1,6,4,50
114,1130,1139,8,4,5,4,50
115,1140,1149,1,2,3,1,50
116,1150,1159,3,3,5,3,50
117,1160,1169,4,4,4,2,50
118,1170,1179,1,6,5,1,50
119,1180,1189,5,4,3,2,50
120,1190,1199,4,3,2,4,50
121,1200,1209,4,6,6,4,50
122,1210,1219,4,1,6,5,50
123,1220,1229,4,3,2,2,50
124,1230,1239,6,5,3,4,50
125,1240,1249,5,2,2,2,50
126,1250,1259,3,1,5,5,50
127,1260,1269,3,6,2,3,50
128,1270,1279,1,3,2,4,50
129,1280,1289,3,6,3,5,50
130,1290,1299,4,2,2,5,50
131,1300,1309,2,5,4,1,50
132,1310,1319,2,4,4,6,50
133,1320,1329,3,3,2,4,50
134,1330,1339,5,4,3,4,50
135,1340,1349,4,4,4,2,50
136,1350,1359,5,4,3,5,50
137,1360,1369,3,6,8,6,50
138,1370,1379,6,4,2,8,50
139,1380,1389,1,5,4,3,50
140,1390,1399,4,6,3,4,50
141,1400,1409,8,2,1,6,50
142,1410,1419,4,4,6,5,50
143,1420,1429,5,4,3,6,50
144,1430,1439,3,7,2,5,50
145,1440,1449,4,6,5,5,50
146,1450,1459,3,4,3,5,50
147,1460,1469,4,3,4,4,50
148,1470,1479,1,1,3,4,50
149,1480,1489,6,3,3,2,50
150,1490,1499,2,6,4,3,50
151,1500,1509,4,2,3,5,50
152,1510,1519,5,5,2,5,50
153,1520,1529,4,3,2,5,50
154,1530,1539,4,4,4,3,50
155,1540,1549,4,5,4,2,50
156,1550,1559,4,4,5,0,50
157,1560,1569,5,4,5,5,50
158,1570,1579,1,2,4,8,50
159,1580,1589,4,5,3,3,50
160,1590,1599,4,5,2,2,50
161,1600,1609,3,3,4,1,50
162,1610,1619,6,5,3,4,50
163,1620,1629,5,4,4,3,50
164,1630,1639,3,2,5,3,50
165,1640,1649,3,4,1,5,50
166,1650,1659,5,1,3,8,50
167,1660,1669,3,5,5,2,50
168,1670,1679,6,3,1,5,50
169,1680,1689,8,4,4,2,50
170,1690,1699,6,5,2,2,50
171,1700,1709,5,1,4,3,50
172,1710,1719,6,3,4,2,50
173,1720,1729,1,7,3,4,50
174,1730,1739,6,0,6,4,50
175,1740,1749,2,6,4,3,50
176,1750,1759,0,3,3,8,50
177,1760,1769,9,5,3,5,50
178,1770,1779,4,3,5,4,50
179,1780,1789,5,5,2,4,50
180,1790,1799,3,1,4,2,50
181,1800,1809,3,4,7,5,50
182,1810,1819,5,7,3,4,50
183,1820,1829,4,6,3,4,50
184,1830,1839,2,3,6,3,50
185,1840,1849,4,4,3,3,50
186,1850,1859,5,2,5,3,50
187,1860,1869,3,6,2,7,50
188,1870,1879,3,3,3,6,50
189,1880,1889,3,5,4,4,50
190,1890,1899,4,5,4,5,50
191,1900,1909,4,3,4,2,50
192,1910,1919,3,4,4,4,50
193,1920,1929,6,2,5,9,50
194,1930,1939,3,3,5,2,50
195,1940,1949,3,6,6,6,50
196,1950,1959,5,3,6,4,50
197,1960,1969,3,3,0,7,50
198,1970,1979,4,1,5,1,50
199,1980,1989,6,4,5,7,50
200,1990,1999,6,1,8,3,50
201,2000,2009,4,3,4,5,50
202,2010,2019,5,3,3,4,50
203,2020,2029,4,5,4,2,50
204,2030,2039,3,1,5,2,50
205,2040,2049,6,5,1,2,50
206,2050,2059,5,2,1,7,50
207,2060,2069,4,8,2,5,50
208,2070,2079,4,6,4,5,50
209,2080,2089,3,3,3,2,50
210,2090,2099,4,2,4,3,50
211,2100,2109,1,4,1,6,50
212,2110,2119,2,1,2,3,50
213,2120,2129,7,5,3,2,50
214,2130,2139,5,4,2,6,50
215,2140,2149,3,5,3,1,50
216,2150,2159,4,6,6,5,50
217,2160,2169,3,4,4,1,50
218,2170,2179,2,2,4,5,50
219,2180,2189,1,2,3,6,50
220,2190,2199,6,5,5,4,50
221,2200,2209,6,5,2,6,50
222,2210,2219,7,5,2,4,50
223,2220,2229,3,2,5,3,50
224,2230,2239,3,2,2,4,50
225,2240,2249,3,3,3,5,50
226,2250,2259,1,7,3,5,50
227,2260,2269,6,5,6,2,50
228,2270,2279,4,2,6,2,50
229,2280,2289,4,1,5,3,50
230,2290,2299,1,4,4,3,50
231,2300,2309,2,1,4,4,50
232,2310,2319,3,2,5,2,50
233,2320,2329,5,2,3,2,50
234,2330,2339,5,2,5,2,50
235,2340,2349,8,4,3,3,50
236,2350,2359,6,3,6,4,50
237,2360,2369,1,4,4,4,50
238,2370,2379,6,4,2,3,50
239,2380,2389,7,5,3,3,50
240,2390,2399,7,2,4,2,50
241,2400,2409,4,7,4,1,50
242,2410,2419,4,6,5,3,50
243,2420,2429,5,3,6,4,50
244,2430,2439,6,5,6,1,50
245,2440,2449,4,3,0,6,50
246,2450,2459,5,6,3,2,50
247,2460,2469,2,4,4,7,50
248,2470,2479,4,5,3,2,50
249,2480,2489,5,8,0,3,50
250,2490,2499,6,2,3,6,50
251,2500,2509,7,5,1,6,50
252,2510,2519,4,3,1,6,50
253,2520,2529,4,9,5,2,50
254,2530,2539,1,4,3,3,50
255,2540,2549,4,2,11,2,50
256,2550,2559,4,8,3,0,50
257,2560,2569,4,6,4,5,50
258,2570,2579,6,6,3,5,50
259,2580,2589,7,5,3,2,50
260,2590,2599,4,4,4,3,50
261,2600,2609,6,5,4,4,50
262,2610,2619,5,4,6,2,50
263,2620,2629,3,4,5,5,50
264,2630,2639,1,3,5,4,50
265,2640,2649,5,3,3,4,50
266,2650,2659,1,3,2,6,50
267,2660,2669,3,3,3,2,50
268,2670,2679,3,2,6,4,50
269,2680,2689,8,2,2,3,50
270,2690,2699,5,3,6,4,50
271,2700,2709,1,3,4,5,50
272,2710,2719,2,5,4,8,50
273,2720,2729,4,3,5,1,50
274,2730,2739,6,3,5,5,50
275,2740,2749,3,4,5,4,50
276,2750,2759,3,5,0,4,50
277,2760,2769,10,1,2,3,50
278,2770,2779,1,3,3,5,50
279,2780,2789,3,5,3,3,50
280,2790,2799,6,6,3,3,50
281,2800,2809,2,4,3,4,50
282,2810,2819,2,3,2,3,50
283,2820,2829,4,6,2,2,50
284,2830,2839,4,5,6,3,50
285,2840,2849,5,3,2,4,50
286,2850,2859,4,3,5,3,50
287,2860,2869,4,6,5,4,50
288,2870,2879,1,6,9,3,50
289,2880,2889,3,5,3,5,50
290,2890,2899,2,3,0,3,50
291,2900,2909,6,4,2,3,50
292,2910,2919,5,6,9,3,50
293,2920,2929,2,8,1,5,50
294,2930,2939,4,4,4,4,50
295,2940,2949,2,1,4,1,50
296,2950,2959,3,4,2,5,50
297,2960,2969,3,4,2,4,50
298,2970,2979,6,2,6,1,50
299,2980,2989,6,6,3,4,50
300,2990,2999,2,5,5,6,50
301,3000,3009,6,5,3,3,50
302,3010,3019,5,1,5,7,50
303,3020,3029,3,5,6,6,50
304,3030,3039,4,4,3,6,50
305,3040,3049,4,2,3,4,50
306,3050,3059,5,4,5,4,50
307,3060,3069,3,6,4,6,50
308,3070,3079,4,5,5,3,50
309,3080,3089,6,4,6,1,50
310,3090,3099,2,4,9,4,50
311,3100,3109,4,5,4,3,50
312,3110,3119,6,4,7,5,50
313,3120,3129,4,1,7,4,50
314,3130,3139,5,1,5,5,50
315,3140,3149,3,7,1,3,50
316,3150,3159,3,4,1,3,50
317,3160,3169,7,1,2,4,50
318,3170,3179,4,5,3,5,50
319,3180,3189,4,3,2,6,50
320,3190,3199,2,5,4,5,50
321,3200,3209,6,2,4,6,50
322,3210,3219,4,2,4,4,50
323,3220,3229,3,2,2,6,50
324,3230,3239,3,6,5,6,50
325,3240,3249,2,2,4,3,50
326,3250,3259,1,4,6,6,50
327,3260,3269,5,4,2,5,50
328,3270,3279,3,4,7,3,50
329,3280,3289,3,3,1,5,50
330,3290,3299,3,5,2,2,50
331,3300,3309,1,4,8,5,50
332,3310,3319,3,5,4,2,50
333,3320,3329,6,5,3,5,50
334,3330,3339,2,6,4,6,50
335,3340,3349,2,8,5,0,50
336,3350,3359,4,5,2,4,50
337,3360,3369,4,5,4,2,50
338,3370,3379,7,3,5,2,50
339,3380,3389,3,3,6,3,50
340,3390,3399,3,5,3,5,50
341,3400,3409,3,4,3,3,50
342,3410,3419,2,5,2,5,50
343,3420,3429,3,5,4,2,50
344,3430,3439,3,5,4,5,50
345,3440,3449,6,4,5,2,50
346,3450,3459,4,3,5,5,50
347,3460,3469,4,5,4,3,50
348,3470,3479,3,5,4,6,50
349,3480,3489,2,7,2,4,50
350,3490,3499,5,3,6,3,50
351,3500,3509,4,4,4,3,50
352,3510,3519,4,6,1,3,50
353,3520,3529,5,4,3,3,50
354,3530,3539,2,5,7,2,50
355,3540,3549,2,5,2,5,50
356,3550,3559,4,5,3,3,50
357,3560,3569,6,5,4,3,50
358,3570,3579,5,1,1,5,50
359,3580,3589,5,3,3,5,50
360,3590,3599,3,4,3,5,50
361,3600,3609,1,2,4,6,50
362,3610,3619,4,2,2,3,50
363,3620,3629,4,3,7,4,50
364,3630,3639,4,2,2,2,50
365,3640,3649,5,3,3,4,50
366,3650,3659,5,3,7,1,50
367,3660,3669,3,2,1,10,50
368,3670,3679,8,4,1,5,50
369,3680,3689,6,2,1,5,50
370,3690,3699,3,5,5,5,50
371,3700,3709,3,5,3,1,50
372,3710,3719,6,6,1,0,50
373,3720,3729,5,2,4,6,50
374,3730,3739,4,1,4,4,50
375,3740,3749,1,2,5,4,50
376,3750,3759,4,6,3,7,50
377,3760,3769,6,1,0,6,50
378,3770,3779,2,4,4,5,50
379,3780,3789,3,1,2,3,50
380,3790,3799,4,3,6,2,50
381,3800,3809,4,3,5,5,50
382,3810,3819,3,4,3,6,50
383,3820,3829,3,1,5,5,50
384,3830,3839,2,3,7,2,50
385,3840,3849,3,6,3,4,50
386,3850,3859,3,2,1,6,50
387,3860,3869,1,1,4,6,50
388,3870,3879,3,5,4,3,50
389,3880,3889,2,5,1,5,50
390,3890,3899,7,6,5,1,50
391,3900,3909,4,8,2,4,50
392,3910,3919,2,4,5,2,50
393,3920,3929,4,5,5,6,50
394,3930,3939,7,4,5,5,50
395,3940,3949,2,4,2,4,50
396,3950,3959,1,4,4,6,50
397,3960,3969,3,4,5,5,50
398,3970,3979,3,6,7,7,50
399,3980,3989,4,1,1,3,50
400,3990,3999,5,3,5,3,50
401,4000,4009,5,4,4,1,50
402,4010,4019,1,4,4,5,50
403,4020,4029,2,6,5,2,50
404,4030,4039,1,6,9,2,50
405,4040,4049,1,5,3,3,50
406,4050,4059,1,3,3,9,50
407,4060,4069,4,4,4,1,50
408,4070,4079,3,4,2,7,50
409,4080,4089,3,4,2,4,50
410,4090,4099,4,4,8,4,50
411,4100,4109,2,4,1,9,50
412,4110,4119,5,4,2,2,50
413,4120,4129,4,4,4,6,50
414,4130,4139,8,2,4,6,50
415,4140,4149,4,5,3,3,50
416,4150,4159,4,6,2,3,50
417,4160,4169,2,5,2,2,50
418,4170,4179,3,4,4,6,50
419,4180,4189,2,2,4,4,50
420,4190,4199,1,4,6,6,50
421,4200,4209,3,4,3,4,50
422,4210,4219,3,4,5,4,50
423,4220,4229,5,1,3,8,50
424,4230,4239,4,4,5,7,50
425,4240,4249,6,1,3,2,50
426,4250,4259,2,3,3,1,50
427,4260,4269,0,5,7,5,50
428,4270,4279,8,1,2,3,50
429,4280,4289,3,0,4,9,50
430,4290,4299,3,3,7,3,50
431,4300,4309,7,1,7,4,50
432,4310,4319,3,4,2,4,50
433,4320,4329,2,7,2,4,50
434,4330,4339,6,2,4,2,50
435,4340,4349,3,8,4,3,50
436,4350,4359,2,4,5,3,50
437,4360,4369,1,2,4,5,50
438,4370,4379,3,5,4,3,50
439,4380,4389,4,1,2,7,50
440,4390,4399,4,4,2,4,50
441,4400,4409,0,5,3,2,50
442,4410,4419,1,7,6,5,50
443,4420,4429,7,5,4,3,50
444,4430,4439,4,4,5,7,50
445,4440,4449,5,6,4,5,50
446,4450,4459,2,4,4,5,50
447,4460,4469,3,3,4,4,50
448,4470,4479,5,3,0,1,50
449,4480,4489,3,6,2,4,50
450,4490,4499,7,5,3,4,50
451,4500,4509,2,6,6,6,50
452,4510,4519,3,4,1,3,50
453,4520,4529,4,3,5,5,50
454,4530,4539,2,4,1,3,50
455,4540,4549,2,2,4,3,50
456,4550,4559,6,2,4,2,50
457,4560,4569,4,2,6,1,50
458,4570,4579,4,1,3,3,50
459,4580,4589,4,3,5,5,50
460,4590,4599,4,3,6,5,50
461,4600,4609,4,3,3,3,50
462,4610,4619,4,4,4,6,50
463,4620,4629,5,4,3,3,50
464,4630,4639,6,4,3,7,50
465,4640,4649,2,6,6,5,50
466,4650,4659,5,5,6,4,50
467,4660,4669,6,6,6,5,50
468,4670,4679,3,2,3,2,50
469,4680,4689,3,4,6,4,50
470,4690,4699,3,5,6,5,50
471,4700,4709,5,3,4,3,50
472,4710,4719,4,3,5,6,50
473,4720,4729,7,5,4,2,50
474,4730,4739,4,1,6,4,50
475,4740,4749,5,3,3,6,50
476,4750,4759,4,7,6,3,50
477,4760,4769,2,1,6,6,50
478,4770,4779,7,4,1,6,50
479,4780,4789,5,4,3,4,50
480,4790,4799,3,3,4,4,50
481,4800,4809,6,4,3,4,50
482,4810,4819,2,3,4,3,50
483,4820,4829,1,5,2,2,50
484,4830,4839,4,1,2,5,50
485,4840,4849,4,4,5,7,50
486,4850,4859,6,4,4,3,50
487,4860,4869,4,6,4,4,50
488,4870,4879,7,2,2,4,50
489,4880,4889,2,3,2,7,50
490,4890,4899,4,3,4,2,50
491,4900,4909,7,4,7,2,50
492,4910,4919,5,6,3,3,50
493,4920,4929,5,2,4,6,50
494,4930,4939,4,2,8,3,50
495,4940,4949,1,4,2,7,50
496,4950,4959,3,3,3,1,50
497,4960,4969,9,1,5,1,50
498,4970,4979,4,5,3,6,50
499,4980,4989,2,6,4,7,50
500,4990,4999,4,4,4,1,50
501,5000,5009,3,4,4,6,50
502,5010,5019,4,3,2,5,50
503,5020,5029,0,5,4,2,50
504,5030,5039,4,4,3,3,50
505,5040,5049,5,2,3,4,50
506,5050,5059,2,5,3,3,50
507,5060,5069,4,3,3,4,50
508,5070,5079,3,1,4,4,50
509,5080,5089,3,5,2,4,50
510,5090,5099,2,4,2,2,50
511,5100,5109,2,6,4,3,50
512,5110,5119,1,1,3,10,50
513,5120,5129,5,4,1,6,50
514,5130,5139,4,4,5,3,50
515,5140,5149,3,7,2,4,50
516,5150,5159,1,6,4,4,50
517,5160,5169,6,2,5,5,50
518,5170,5179,5,2,2,4,50
519,5180,5189,5,3,7,3,50
520,5190,5199,4,6,4,6,50
521,5200,5209,4,2,2,8,50
522,5210,5219,4,2,4,3,50
523,5220,5229,3,4,6,6,50
524,5230,5239,3,7,7,5,50
525,5240,5249,4,2,4,5,50
526,5250,5259,3,3,5,6,50
527,5260,5269,3,5,5,5,50
528,5270,5279,7,6,1,3,50
529,5280,5289,4,4,4,5,50
530,5290,5299,3,5,2,4,50
531,5300,5309,6,3,6,4,50
532,5310,5319,5,1,3,5,50
533,5320,5329,4,5,3,6,50
534,5330,5339,2,2,1,5,50
535,5340,5349,5,2,6,8,50
536,5350,5359,5,6,5,3,50
537,5360,5369,6,3,2,6,50
538,5370,5379,3,1,9,5,50
539,5380,5389,3,5,3,1,50
540,5390,5399,6,4,2,2,50
541,5400,5409,4,5,7,3,50
542,5410,5419,7,1,4,2,50
543,5420,5429,3,4,5,4,50
544,5430,5439,2,5,5,2,50
545,5440,5449,4,7,4,4,50
546,5450,5459,10,6,3,0,50
547,5460,5469,7,4,5,1,50
548,5470,5479,4,2,4,3,50
549,5480,5489,4,4,2,9,50
550,5490,5499,7,0,4,5,50
551,5500,5509,1,1,3,5,50
552,5510,5519,5,0,4,7,50
553,5520,5529,4,2,4,1,50
554,5530,5539,2,3,1,5,50
555,5540,5549,6,6,8,1,50
556,5550,5559,0,4,7,3,50
557,5560,5569,3,5,7,3,50
558,5570,5579,5,5,5,0,50
559,5580,5589,3,4,3,5,50
560,5590,5599,2,4,3,4,50
561,5600,5609,6,3,6,7,50
562,5610,5619,2,6,1,3,50
563,5620,5629,4,5,4,2,50
564,5630,5639,5,3,4,7,50
565,5640,5649,2,3,1,5,50
566,5650,5659,1,3,4,4,50
567,5660,5669,10,2,5,3,50
568,5670,5679,6,1,3,3,50
569,5680,5689,3,7,6,5,50
570,5690,5699,3,3,5,4,50
571,5700,5709,2,4,3,5,50
572,5710,5719,4,4,3,3,50
573,5720,5729,4,3,1,3,50
574,5730,5739,2,1,3,2,50
575,5740,5749,6,4,4,5,50
576,5750,5759,2,3,3,4,50
577,5760,5769,1,5,4,4,50
578,5770,5779,3,4,5,3,50
579,5780,5789,5,5,4,3,50
580,5790,5799,8,3,8,2,50
581,5800,5809,7,3,4,2,50
582,5810,5819,6,1,3,5,50
583,5820,5829,3,0,6,3,50
584,5830,5839,5,6,2,7,50
585,5840,5849,6,3,2,4,50
586,5850,5859,5,6,4,2,50
587,5860,5869,5,4,4,5,50
588,5870,5879,3,6,4,3,50
589,5880,5889,5,3,4,4,50
590,5890,5899,3,5,2,7,50
591,5900,5909,5,2,3,6,50
592,5910,5919,7,3,3,3,50
593,5920,5929,4,1,3,6,50
594,5930,5939,2,6,5,4,50
595,5940,5949,2,5,4,2,50
596,5950,5959,5,2,4,3,50
597,5960,5969,6,1,1,2,50
598,5970,5979,3,2,6,5,50
599,5980,5989,2,4,0,5,50
600,5990,5999,5,6,4,4,50
601,6000,6009,5,2,5,7,50
602,6010,6019,6,3,4,3,50
603,6020,6029,10,5,2,0,50
604,6030,6039,5,0,6,3,50
605,6040,6049,5,3,0,4,50
606,6050,6059,3,4,3,5,50
607,6060,6069,4,3,6,3,50
608,6070,6079,4,4,4,2,50
609,6080,6089,4,2,6,4,50
610,6090,6099,3,2,4,3,50
611,6100,6109,4,3,7,3,50
612,6110,6119,3,3,3,4,50
613,6120,6129,5,2,6,4,50
614,6130,6139,0,4,3,5,50
615,6140,6149,1,3,3,10,50
616,6150,6159,3,2,2,4,50
617,6160,6169,4,4,1,2,50
618,6170,6179,6,4,1,3,50
619,6180,6189,1,6,7,4,50
620,6190,6199,5,3,3,4,50
621,6200,6209,4,4,4,5,50
622,6210,6219,1,2,6,4,50
623,6220,6229,3,6,2,3,50
624,6230,6239,4,2,6,4,50
625,6240,6249,3,7,3,5,50
626,6250,6259,3,4,3,4,50
627,6260,6269,2,4,4,3,50
628,6270,6279,4,2,6,3,50
629,6280,6289,4,2,4,4,50
630,6290,6299,4,5,2,4,50
631,6300,6309,5,3,4,7,50
632,6310,6319,3,4,3,5,50
633,6320,6329,5,0,1,4,50
634,6330,6339,7,4,5,2,50
635,6340,6349,2,8,3,4,50
636,6350,6359,4,3,6,3,50
637,6360,6369,6,1,3,5,50
638,6370,6379,3,1,4,4,50
639,6380,6389,4,2,5,1,50
640,6390,6399,5,4,2,5,50
641,6400,6409,2,5,3,6,50
642,6410,6419,4,2,5,3,50
643,6420,6429,5,4,3,1,50
644,6430,6439,4,1,3,4,50
645,6440,6449,6,1,2,8,50
646,6450,6459,5,3,3,9,50
647,6460,6469,3,4,4,4,50
648,6470,6479,5,2,5,7,50
649,6480,6489,5,6,3,5,50
650,6490,6499,1,5,1,2,50
651,6500,6509,6,5,3,4,50
652,6510,6519,6,2,3,3,50
653,6520,6529,3,2,5,2,50
654,6530,6539,1,6,6,4,50
655,6540,6549,3,2,3,4,50
656,6550,6559,2,6,3,4,50
657,6560,6569,2,3,2,4,50
658,6570,6579,5,4,4,1,50
659,6580,6589,2,5,7,2,50
660,6590,6599,2,5,3,4,50
661,6600,6609,3,3,6,2,50
662,6610,6619,5,3,3,5,50
663,6620,6629,5,6,2,4,50
664,6630,6639,7,4,3,4,50
665,6640,6649,8,5,1,4,50
666,6650,6659,4,4,5,3,50
667,6660,6669,3,4,7,3,50
668,6670,6679,4,4,6,4,50
669,6680,6689,4,5,7,5,50
670,6690,6699,4,4,3,4,50
671,6700,6709,5,5,4,4,50
672,6710,6719,4,3,4,3,50
673,6720,6729,2,5,9,1,50
674,6730,6739,6,2,4,6,50
675,6740,6749,3,4,1,1,50
676,6750,6759,4,6,2,0,50
677,6760,6769,0,4,5,3,50
678,6770,6779,5,2,3,5,50
679,6780,6789,4,7,4,4,50
680,6790,6799,4,4,3,7,50
681,6800,6809,2,5,4,5,50
682,6810,6819,4,3,2,6,50
683,6820,6829,6,3,4,3,50
684,6830,6839,3,6,4,7,50
685,6840,6849,3,6,6,5,50
686,6850,6859,5,3,3,4,50
687,6860,6869,3,7,3,2,50
688,6870,6879,3,6,5,3,50
689,6880,6889,5,5,3,3,50
690,6890,6899,4,3,3,3,50
691,6900,6909,5,4,2,4,50
692,6910,6919,7,3,4,7,50
693,6920,6929,1,3,4,3,50
694,6930,6939,2,4,4,4,50
695,6940,6949,7,6,2,2,50
696,6950,6959,0,5,4,4,50
697,6960,6969,6,2,7,3,50
698,6970,6979,1,2,1,6,50
699,6980,6989,3,6,4,7,50
700,6990,6999,3,4,1,4,50
701,7000,7009,0,3,4,4,50
702,7010,7019,1,4,5,6,50
703,7020,7029,6,6,4,3,50
704,7030,7039,3,8,4,2,50
705,7040,7049,4,1,8,3,50
706,7050,7059,2,2,4,5,50
707,7060,7069,4,2,6,1,50
708,7070,7079,5,3,4,7,50
709,7080,7089,4,4,5,4,50
710,7090,7099,6,4,1,3,50
711,7100,7109,6,8,3,2,50
712,7110,7119,4,4,3,0,50
713,7120,7129,3,1,4,5,50
714,7130,7139,4,4,3,2,50
715,7140,7149,3,4,3,7,50
716,7150,7159,3,5,4,6,50
717,7160,7169,6,2,2,4,50
718,7170,7179,1,4,6,6,50
719,7180,7189,3,3,3,1,50
720,7190,7199,3,5,4,3,50
721,7200,7209,5,2,5,7,50
722,7210,7219,4,5,6,4,50
723,7220,7229,8,4,1,2,50
724,7230,7239,1,3,4,5,50
725,7240,7249,3,5,3,8,50
726,7250,7259,3,7,7,1,50
727,7260,7269,5,3,1,2,50
728,7270,7279,3,2,3,2,50
729,7280,7289,0,2,6,3,50
730,7290,7299,3,4,3,5,50
731,7300,7309,1,7,6,5,50
732,7310,7319,4,7,4,2,50
733,7320,7329,6,2,2,2,50
734,7330,7339,2,3,4,2,50
735,7340,7349,3,3,1,5,50
736,7350,7359,4,2,3,5,50
737,7360,7369,2,3,7,2,50
738,7370,7379,7,4,3,6,50
739,7380,7389,7,1,3,5,50
740,7390,7399,6,3,3,6,50
741,7400,7409,6,2,5,4,50
742,7410,7419,0,3,5,2,50
743,7420,7429,5,3,4,5,50
744,7430,7439,4,3,2,4,50
745,7440,7449,2,4,4,2,50
746,7450,7459,6,3,4,3,50
747,7460,7469,7,4,4,5,50
748,7470,7479,5,4,3,4,50
749,7480,7489,2,6,2,6,50
750,7490,7499,1,3,3,1,50
751,7500,7509,3,5,4,6,50
752,7510,7519,6,6,4,2,50
753,7520,7529,4,4,4,5,50
754,7530,7539,3,7,5,3,50
755,7540,7549,4,2,1,4,50
756,7550,7559,4,5,7,1,50
757,7560,7569,2,5,3,6,50
758,7570,7579,2,3,0,2,50
759,7580,7589,2,2,3,4,50
760,7590,7599,6,3,3,1,50
761,7600,7609,2,4,5,4,50
762,7610,7619,4,4,2,7,50
763,7620,7629,7,3,4,3,50
764,7630,7639,3,4,4,3,50
765,7640,7649,5,3,5,3,50
766,7650,7659,5,5,2,4,50
767,7660,7669,3,2,5,5,50
768,7670,7679,2,3,2,5,50
769,7680,7689,3,3,5,2,50
770,7690,7699,5,3,5,5,50
771,7700,7709,5,6,4,6,50
772,7710,7719,3,2,6,4,50
773,7720,7729,3,3,6,2,50
774,7730,7739,6,4,3,1,50
775,7740,7749,4,2,3,2,50
776,7750,7759,3,5,4,6,50
777,7760,7769,2,4,5,2,50
778,7770,7779,3,7,1,4,50
779,7780,7789,8,6,1,4,50
780,7790,7799,3,4,4,3,50
781,7800,7809,2,4,4,3,50
782,7810,7819,4,4,1,3,50
783,7820,7829,2,6,6,1,50
784,7830,7839,3,3,3,3,50
785,7840,7849,1,4,4,9,50
786,7850,7859,4,3,4,4,50
787,7860,7869,5,6,5,3,50
788,7870,7879,3,4,3,2,50
789,7880,7889,2,5,2,6,50
790,7890,7899,4,8,3,1,50
791,7900,7909,6,4,1,3,50
792,7910,7919,3,7,6,3,50
793,7920,7929,6,3,5,4,50
794,7930,7939,5,7,6,4,50
795,7940,7949,4,3,3,5,50
796,7950,7959,4,2,4,7,50
797,7960,7969,6,1,1,4,50
798,7970,7979,3,2,5,3,50
799,7980,7989,3,6,4,6,50
800,7990,7999,1,4,5,6,50
801,8000,8009,3,4,1,6,50
802,8010,8019,3,4,3,5,50
803,8020,8029,2,5,3,2,50
804,8030,8039,5,3,3,10,50
805,8040,8049,2,1,3,6,50
806,8050,8059,8,1,4,3,50
807,8060,8069,3,6,2,6,50
808,8070,8079,1,1,2,6,50
809,8080,8089,5,6,7,2,50
810,8090,8099,6,4,4,3,50
811,8100,8109,3,5,2,5,50
812,8110,8119,4,4,3,5,50
813,8120,8129,5,5,5,9,50
814,8130,8139,2,4,5,4,50
815,8140,8149,7,4,3,1,50
816,8150,8159,6,7,3,5,50
817,8160,8169,3,4,4,5,50
818,8170,8179,2,5,3,5,50
819,8180,8189,2,0,2,6,50
820,8190,8199,4,3,8,4,50
821,8200,8209,5,5,1,6,50
822,8210,8219,1,6,3,5,50
823,8220,8229,7,4,4,2,50
824,8230,8239,5,1,5,2,50
825,8240,8249,3,6,3,4,50
826,8250,8259,3,1,4,3,50
827,8260,8269,4,6,4,2,50
828,8270,8279,4,0,7,6,50
829,8280,8289,6,5,5,1,50
830,8290,8299,2,2,1,4,50
831,8300,8309,4,5,1,3,50
832,8310,8319,5,4,6,3,50
833,8320,8329,4,4,6,2,50
834,8330,8339,5,6,4,3,50
835,8340,8349,2,5,7,3,50
836,8350,8359,2,3,4,5,50
837,8360,8369,4,4,7,4,50
838,8370,8379,5,3,4,6,50
839,8380,8389,7,3,5,4,50
840,8390,8399,7,5,4,4,50
841,8400,8409,5,5,6,5,50
842,8410,8419,6,3,6,6,50
843,8420,8429,1,2,4,1,50
844,8430,8439,4,2,1,4,50
845,8440,8449,3,4,3,5,50
846,8450,8459,6,4,7,4,50
847,8460,8469,6,6,5,7,50
848,8470,8479,4,2,4,5,50
849,8480,8489,2,3,6,2,50
850,8490,8499,6,4,2,5,50
851,8500,8509,2,1,1,7,50
852,8510,8519,2,9,4,4,50
853,8520,8529,2,4,2,3,50
854,8530,8539,5,2,2,5,50
855,8540,8549,3,6,3,4,50
856,8550,8559,5,5,3,5,50
857,8560,8569,2,4,4,6,50
858,8570,8579,2,2,4,3,50
859,8580,8589,4,6,3,3,50
860,8590,8599,4,2,4,8,50
861,8600,8609,3,3,5,3,50
862,8610,8619,5,1,2,5,50
863,8620,8629,6,2,5,5,50
864,8630,8639,1,7,4,4,50
865,8640,8649,3,3,2,5,50
866,8650,8659,1,4,4,5,50
867,8660,8669,2,3,4,6,50
868,8670,8679,1,3,6,4,50
869,8680,8689,4,4,4,1,50
870,8690,8699,2,4,4,3,50
871,8700,8709,5,5,3,5,50
872,8710,8719,4,3,2,4,50
873,8720,8729,4,5,5,5,50
874,8730,8739,1,3,6,4,50
875,8740,8749,2,3,6,4,50
876,8750,8759,2,1,4,4,50
877,8760,8769,3,3,4,4,50
878,8770,8779,4,2,6,5,50
879,8780,8789,3,2,4,2,50
880,8790,8799,2,4,4,2,50
881,8800,8809,6,4,5,3,50
882,8810,8819,2,1,3,5,50
883,8820,8829,3,4,5,7,50
884,8830,8839,2,1,11,2,50
885,8840,8849,9,4,1,4,50
886,8850,8859,5,4,7,4,50
887,8860,8869,4,2,5,6,50
888,8870,8879,6,4,4,3,50
889,8880,8889,2,5,4,4,50
890,8890,8899,3,2,5,4,50
891,8900,8909,5,2,2,3,50
892,8910,8919,6,4,2,7,50
893,8920,8929,3,4,5,3,50
894,8930,8939,1,4,4,1,50
895,8940,8949,2,3,2,2,50
896,8950,8959,5,1,3,5,50
897,8960,8969,4,3,4,4,50
898,8970,8979,7,4,8,4,50
899,8980,8989,4,5,1,3,50
900,8990,8999,1,1,3,4,50
901,9000,9009,2,4,1,6,50
902,9010,9019,7,2,2,3,50
903,9020,9029,2,5,5,5,50
904,9030,9039,2,1,3,5,50
905,9040,9049,4,6,2,4,50
906,9050,9059,6,7,3,5,50
907,9060,9069,5,4,5,3,50
908,9070,9079,3,5,4,3,50
909,9080,9089,2,4,5,7,50
910,9090,9099,4,6,1,3,50
911,9100,9109,2,8,0,2,50
912,9110,9119,2,4,2,2,50
913,9120,9129,5,4,2,3,50
914,9130,9139,2,2,5,4,50
915,9140,9149,3,2,5,2,50
916,9150,9159,7,5,4,6,50
917,9160,9169,4,5,4,4,50
918,9170,9179,5,6,2,2,50
919,9180,9189,1,2,3,4,50
920,9190,9199,4,3,6,2,50
921,9200,9209,3,5,5,3,50
922,9210,9219,0,4,2,5,50
923,9220,9229,6,2,9,3,50
924,9230,9239,1,4,6,4,50
925,9240,9249,4,5,3,5,50
926,9250,9259,6,4,3,5,50
927,9260,9269,2,6,2,8,50
928,9270,9279,3,5,6,6,50
929,9280,9289,6,7,2,4,50
930,9290,9299,7,3,3,1,50
931,9300,9309,8,2,3,2,50
932,9310,9319,4,5,5,4,50
933,9320,9329,4,4,5,5,50
934,9330,9339,5,2,5,2,50
935,9340,9349,3,7,3,3,50
936,9350,9359,2,3,3,7,50
937,9360,9369,3,3,8,3,50
938,9370,9379,2,4,2,4,50
939,9380,9389,5,1,4,4,50
940,9390,9399,5,5,4,3,50
941,9400,9409,2,2,5,1,50
942,9410,9419,4,3,5,3,50
943,9420,9429,6,3,5,1,50
944,9430,9439,4,8,3,1,50
945,9440,9449,5,2,2,6,50
946,9450,9459,3,7,4,6,50
947,9460,9469,2,3,3,3,50
948,9470,9479,6,3,2,5,50
949,9480,9489,1,3,7,5,50
950,9490,9499,9,2,4,2,50
951,9500,9509,4,1,6,8,50
952,9510,9519,7,2,3,2,50
953,9520,9529,5,3,4,1,50
954,9530,9539,5,3,4,4,50
955,9540,9549,3,5,2,5,50
956,9550,9559,1,3,5,6,50
957,9560,9569,6,5,4,6,50
958,9570,9579,3,6,5,3,50
959,9580,9589,4,1,3,5,50
960,9590,9599,2,7,2,2,50
961,9600,9609,4,3,3,5,50
962,9610,9619,5,4,2,4,50
963,9620,9629,0,6,8,4,50
964,9630,9639,5,5,5,4,50
965,9640,9649,4,7,4,6,50
966,9650,9659,5,6,3,5,50
967,9660,9669,10,2,4,4,50
968,9670,9679,1,6,2,9,50
969,9680,9689,3,4,3,4,50
970,9690,9699,2,6,7,2,50
971,9700,9709,5,5,3,4,50
972,9710,9719,1,8,1,1,50
973,9720,9729,8,4,4,0,50
974,9730,9739,3,4,7,4,50
975,9740,9749,3,2,3,4,50
976,9750,9759,2,3,3,3,50
977,9760,9769,4,5,2,3,50
978,9770,9779,3,5,8,3,50
979,9780,9789,4,5,5,5,50
980,9790,9799,2,2,3,3,50
981,9800,9809,6,1,6,5,50
982,9810,9819,3,6,5,4,50
983,9820,9829,3,3,3,3,50
984,9830,9839,4,3,5,2,50
985,9840,9849,1,1,2,6,50
986,9850,9859,4,4,4,3,50
987,9860,9869,4,4,3,2,50
988,9870,9879,3,5,4,2,50
989,9880,9889,4,5,5,3,50
990,9890,9899,3,4,3,1,50
991,9900,9909,3,3,3,3,50
992,9910,9919,7,2,2,4,50
993,9920,9929,7,3,3,5,50
994,9930,9939,1,6,5,3,50
995,9940,9949,5,4,3,1,50
996,9950,9959,2,1,2,4,50
997,9960,9969,4,5,4,6,50
998,9970,9979,5,3,4,4,50
999,9980,9989,5,3,4,4,50
1000,9990,9999,6,3,0,6,50
1001,10000,10009,1,3,5,5,50
1002,10010,10019,4,3,5,2,50
1003,10020,10029,1,4,1,6,50
1004,10030,10039,5,4,5,5,50
1005,10040,10049,5,4,1,5,50
1006,10050,10059,5,2,2,2,50
1007,10060,10069,4,8,4,3,50
1008,10070,10079,6,3,3,6,50
1009,10080,10089,7,1,5,2,50
1010,10090,10099,3,4,5,5,50
1011,10100,10109,2,5,5,8,50
1012,10110,10119,3,5,5,5,50
1013,10120,10129,5,2,3,5,50
1014,10130,10139,7,3,3,3,50
1015,10140,10149,3,5,3,4,50
1016,10150,10159,3,4,3,5,50
1017,10160,10169,7,2,4,3,50
1018,10170,10179,5,3,7,3,50
1019,10180,10189,5,5,2,5,50
1020,10190,10199,5,5,5,4,50
1021,10200,10209,2,6,5,6,50
1022,10210,10219,4,2,4,1,50
1023,10220,10229,4,5,4,3,50
1024,10230,10239,4,1,3,3,50
1025,10240,10249,3,4,6,5,50
1026,10250,10259,4,2,5,2,50
1027,10260,10269,3,4,5,1,50
1028,10270,10279,3,4,5,3,50
1029,10280,10289,2,3,3,7,50
1030,10290,10299,3,4,2,5,50
1031,10300,10309,6,1,1,5,50
1032,10310,10319,4,2,8,3,50
1033,10320,10329,4,2,3,6,50
1034,10330,10339,2,5,5,7,50
1035,10340,10349,3,4,5,7,50
1036,10350,10359,6,6,4,6,50
1037,10360,10369,3,5,6,6,50
1038,10370,10379,9,2,4,5,50
1039,10380,10389,4,6,2,3,50
1040,10390,10399,4,6,5,5,50
1041,10400,10409,2,4,2,3,50
1042,10410,10419,3,2,2,6,50
1043,10420,10429,3,6,3,5,50
1044,10430,10439,2,6,5,3,50
1045,10440,10449,3,3,2,3,50
1046,10450,10459,5,3,6,9,50
1047,10460,10469,3,5,4,3,50
1048,10470,10479,6,4,2,2,50
1049,10480,10489,1,2,7,3,50
1050,10490,10499,3,4,6,2,50
1051,10500,10509,1,3,4,4,50
1052,10510,10519,4,4,1,4,50
1053,10520,10529,4,4,5,5,50
1054,10530,10539,5,2,5,4,50
1055,10540,10549,1,6,7,3,50
1056,10550,10559,5,3,3,3,50
1057,10560,10569,2,2,2,2,50
1058,10570,10579,6,3,2,2,50
1059,10580,10589,5,5,3,5,50
1060,10590,10599,6,1,5,4,50
1061,10600,10609,5,2,3,10,50
1062,10610,10619,4,2,10,4,50
1063,10620,10629,5,3,5,3,50
1064,10630,10639,2,4,1,5,50
1065,10640,10649,5,7,3,3,50
1066,10650,10659,3,5,2,5,50
1067,10660,10669,4,0,3,5,50
1068,10670,10679,5,3,3,6,50
1069,10680,10689,5,3,3,3,50
1070,10690,10699,7,4,1,1,50
1071,10700,10709,5,4,1,6,50
1072,10710,10719,4,4,6,5,50
1073,10720,10729,7,4,2,1,50
1074,10730,10739,3,3,2,7,50
1075,10740,10749,7,2,4,7,50
1076,10750,10759,2,6,3,5,50
1077,10760,10769,1,4,3,6,50
1078,10770,10779,3,5,2,3,50
1079,10780,10789,4,4,6,3,50
1080,10790,10799,5,3,2,4,50
1081,10800,10809,4,5,2,3,50
1082,10810,10819,5,0,3,4,50
1083,10820,10829,2,6,5,5,50
1084,10830,10839,1,0,4,4,50
1085,10840,10849,3,3,5,2,50
1086,10850,10859,3,7,3,4,50
1087,10860,10869,3,3,2,4,50
1088,10870,10879,5,3,3,2,50
1089,10880,10889,6,1,3,3,50
1090,10890,10899,4,5,4,3,50
1091,10900,10909,4,1,2,5,50
1092,10910,10919,6,3,0,6,50
1093,10920,10929,1,7,3,3,50
1094,10930,10939,4,4,3,2,50
1095,10940,10949,4,3,1,5,50
1096,10950,10959,5,3,1,5,50
1097,10960,10969,3,2,5,3,50
1098,10970,10979,4,4,3,4,50
1099,10980,10989,4,2,2,2,50
1100,10990,10999,4,3,1,5,50
1101,11000,11009,3,4,3,4,50
1102,11010,11019,4,5,4,3,50
1103,11020,11029,2,3,3,8,50
1104,11030,11039,1,5,5,5,50
1105,11040,11049,6,3,4,6,50
1106,11050,11059,5,1,3,1,50
1107,11060,11069,6,4,3,3,50
1108,11070,11079,6,2,4,3,50
1109,11080,11089,5,5,2,2,50
1110,11090,11099,8,4,1,4,50
1111,11100,11109,7,4,3,2,50
1112,11110,11119,4,5,4,2,50
1113,11120,11129,4,3,3,6,50
1114,11130,11139,5,4,4,1,50
1115,11140,11149,3,2,4,4,50
1116,11150,11159,6,2,5,2,50
1117,11160,11169,5,3,3,4,50
1118,11170,11179,3,3,6,5,50
1119,11180,11189,3,6,3,1,50
1120,11190,11199,4,7,3,3,50
1121,11200,11209,3,3,4,3,50
1122,11210,11219,6,3,5,2,50
1123,11220,11229,4,4,2,5,50
1124,11230,11239,4,6,3,6,50
1125,11240,11249,4,5,3,4,50
1126,11250,11259,2,6,4,2,50
1127,11260,11269,3,5,5,1,50
1128,11270,11279,4,3,5,5,50
1129,11280,11289,5,7,4,4,50
1130,11290,11299,1,4,4,4,50
1131,11300,11309,4,2,4,6,50
1132,11310,11319,3,4,1,3,50
1133,11320,11329,7,4,5,2,50
1134,11330,11339,2,3,7,4,50
1135,11340,11349,6,4,4,3,50
1136,11350,11359,3,2,3,5,50
1137,11360,11369,4,4,3,4,50
1138,11370,11379,2,4,3,6,50
1139,11380,11389,3,4,1,3,50
1140,11390,11399,5,2,3,5,50
1141,11400,11409,5,4,5,1,50
1142,11410,11419,2,6,4,8,50
1143,11420,11429,0,3,4,9,50
1144,11430,11439,7,1,4,6,50
1145,11440,11449,3,3,4,1,50
1146,11450,11459,3,4,7,6,50
1147,11460,11469,2,7,4,1,50
1148,11470,11479,6,4,3,3,50
1149,11480,11489,4,3,3,4,50
1150,11490,11499,5,4,5,1,50
1151,11500,11509,4,5,3,4,50
1152,11510,11519,5,0,5,4,50
1153,11520,11529,5,2,4,6,50
1154,11530,11539,2,5,2,2,50
1155,11540,11549,1,2,8,3,50
1156,11550,11559,2,2,0,3,50
1157,11560,11569,3,4,4,3,50
1158,11570,11579,2,3,4,7,50
1159,11580,11589,2,2,3,7,50
1160,11590,11599,3,3,4,2,50
1161,11600,11609,3,2,8,4,50
1162,11610,11619,4,5,1,3,50
1163,11620,11629,4,1,3,2,50
1164,11630,11639,5,3,8,7,50
1165,11640,11649,5,4,3,3,50
1166,11650,11659,5,5,2,1,50
1167,11660,11669,4,0,2,0,50
1168,11670,11679,5,3,2,5,50
1169,11680,11689,2,2,4,4,50
1170,11690,11699,3,5,7,5,50
1171,11700,11709,4,2,5,2,50
1172,11710,11719,1,2,7,4,50
1173,11720,11729,4,7,3,4,50
1174,11730,11739,4,4,2,3,50
1175,11740,11749,0,5,4,3,50
1176,11750,11759,5,6,3,1,50
1177,11760,11769,5,4,5,2,50
1178,11770,11779,5,5,2,8,50
1179,11780,11789,5,3,6,5,50
1180,11790,11799,6,7,2,2,50
1181,11800,11809,4,2,2,3,50
1182,11810,11819,7,2,2,2,50
1183,11820,11829,3,3,7,7,50
1184,11830,11839,4,3,4,6,50
1185,11840,11849,5,7,5,6,50
1186,11850,11859,3,3,5,4,50
1187,11860,11869,3,5,5,0,50
1188,11870,11879,2,6,2,1,50
1189,11880,11889,2,4,2,4,50
1190,11890,11899,3,2,3,5,50
1191,11900,11909,7,3,6,4,50
1192,11910,11919,5,2,3,3,50
1193,11920,11929,3,2,4,5,50
1194,11930,11939,6,6,1,6,50
1195,11940,11949,4,3,3,7,50
1196,11950,11959,3,3,1,5,50
1197,11960,11969,4,1,2,3,50
1198,11970,11979,4,6,5,4,50
1199,11980,11989,3,4,6,0,50
1200,11990,11999,5,0,4,5,50
1201,12000,12009,3,4,2,2,50
1202,12010,12019,7,4,2,4,50
1203,12020,12029,1,5,5,4,50
1204,12030,12039,1,4,4,6,50
1205,12040,12049,7,2,0,4,50
1206,12050,12059,6,3,4,2,50
1207,12060,12069,4,3,2,0,50
1208,12070,12079,1,1,6,5,50
1209,12080,12089,6,6,5,2,50
1210,12090,12099,4,1,1,4,50
1211,12100,12109,7,2,3,1,50
1212,12110,12119,3,5,2,3,50
1213,12120,12129,1,4,4,6,50
1214,12130,12139,4,5,2,4,50
1215,12140,12149,1,4,4,3,50
1216,12150,12159,4,2,2,5,50
1217,12160,12169,5,5,4,4,50
1218,12170,12179,3,3,3,3,50
1219,12180,12189,4,3,4,7,50
1220,12190,12199,4,9,4,3,50
1221,12200,12209,6,6,5,2,50
1222,12210,12219,5,1,3,3,50
1223,12220,12229,3,5,4,5,50
1224,12230,12239,2,3,2,2,50
1225,12240,12249,2,8,4,3,50
1226,12250,12259,6,1,3,9,50
1227,12260,12269,4,1,5,5,50
1228,12270,12279,6,5,2,4,50
1229,12280,12289,5,5,4,5,50
1230,12290,12299,5,4,4,1,50
1231,12300,12309,5,4,5,2,50
1232,12310,12319,3,5,2,6,50
1233,12320,12329,2,5,9,4,50
1234,12330,12339,2,6,3,6,50
1235,12340,12349,4,5,6,8,50
1236,12350,12359,1,4,5,4,50
1237,12360,12369,6,5,7,2,50
1238,12370,12379,6,0,2,5,50
1239,12380,12389,4,5,3,4,50
1240,12390,12399,1,1,5,3,50
1241,12400,12409,3,4,3,3,50
1242,12410,12419,3,6,7,6,50
1243,12420,12429,0,2,7,3,50
1244,12430,12439,6,1,9,3,50
1245,12440,12449,4,5,2,3,50
1246,12450,12459,3,5,0,4,50
1247,12460,12469,2,3,3,4,50
1248,12470,12479,2,2,4,2,50
1249,12480,12489,3,3,5,4,50
1250,12490,12499,3,5,2,4,50
1251,12500,12509,0,5,6,2,50
1252,12510,12519,5,0,0,5,50
1253,12520,12529,3,1,4,6,50
1254,12530,12539,2,3,5,2,50
1255,12540,12549,3,5,5,5,50
1256,12550,12559,8,4,3,2,50
1257,12560,12569,3,4,6,0,50
1258,12570,12579,5,3,1,3,50
1259,12580,12589,5,2,3,3,50
1260,12590,12599,3,5,4,1,50
1261,12600,12609,4,4,3,6,50
1262,12610,12619,2,7,5,4,50
1263,12620,12629,1,5,4,5,50
1264,12630,12639,5,3,4,3,50
1265,12640,12649,4,1,3,3,50
1266,12650,12659,6,2,5,6,50
1267,12660,12669,5,3,4,3,50
1268,12670,12679,4,5,2,3,50
1269,12680,12689,5,4,3,6,50
1270,12690,12699,5,4,2,7,50
1271,12700,12709,3,4,3,2,50
1272,12710,12719,0,7,6,1,50
1273,12720,12729,6,4,1,1,50
1274,12730,12739,4,5,6,0,50
1275,12740,12749,5,4,2,3,50
1276,12750,12759,7,2,2,5,50
1277,12760,12769,3,4,3,3,50
1278,12770,12779,5,4,2,4,50
1279,12780,12789,1,4,5,3,50
1280,12790,12799,2,5,1,3,50
1281,12800,12809,1,4,1,7,50
1282,12810,12819,6,3,0,3,50
1283,12820,12829,2,3,6,4,50
1284,12830,12839,5,0,4,2,50
1285,12840,12849,2,0,5,6,50
1286,12850,12859,5,8,0,4,50
1287,12860,12869,3,5,2,5,50
1288,12870,12879,7,2,3,4,50
1289,12880,12889,3,3,5,4,50
1290,12890,12899,4,3,4,2,50
1291,12900,12909,2,4,3,6,50
1292,12910,12919,6,3,5,7,50
1293,12920,12929,3,2,5,7,50
1294,12930,12939,3,2,5,5,50
1295,12940,12949,8,3,3,2,50
1296,12950,12959,4,3,1,7,50
1297,12960,12969,7,2,3,0,50
1298,12970,12979,0,6,3,3,50
1299,12980,12989,1,2,5,4,50
1300,12990,12999,4,1,3,3,50
1301,13000,13009,6,1,6,6,50
1302,13010,13019,5,8,6,5,50
1303,13020,13029,2,2,3,6,50
1304,13030,13039,1,5,7,4,50
1305,13040,13049,4,3,5,4,50
1306,13050,13059,2,4,3,4,50
1307,13060,13069,2,4,4,7,50
1308,13070,13079,2,2,2,2,50
1309,13080,13089,7,7,2,3,50
1310,13090,13099,5,5,4,3,50
1311,13100,13109,2,5,8,3,50
1312,13110,13119,5,7,0,2,50
1313,13120,13129,4,3,6,2,50
1314,13130,13139,4,8,4,3,50
1315,13140,13149,5,4,3,3,50
1316,13150,13159,2,7,2,4,50
1317,13160,13169,2,8,3,1,50
1318,13170,13179,3,5,3,4,50
1319,13180,13189,5,5,2,3,50
1320,13190,13199,4,2,3,3,50
1321,13200,13209,6,5,5,3,50
1322,13210,13219,5,2,6,7,50
1323,13220,13229,2,3,6,3,50
1324,13230,13239,1,2,5,4,50
1325,13240,13249,3,2,7,0,50
1326,13250,13259,5,5,2,0,50
1327,13260,13269,4,4,5,3,50
1328,13270,13279,6,0,5,6,50
1329,13280,13289,4,3,6,1,50
1330,13290,13299,2,1,4,6,50
1331,13300,13309,5,2,5,2,50
1332,13310,13319,6,2,7,7,50
1333,13320,13329,4,2,3,5,50
1334,13330,13339,4,6,2,2,50
1335,13340,13349,4,4,2,6,50
1336,13350,13359,3,4,2,4,50
1337,13360,13369,4,6,1,2,50
1338,13370,13379,5,2,4,4,50
1339,13380,13389,5,3,5,1,50
1340,13390,13399,5,1,4,1,50
1341,13400,13409,5,4,8,3,50
1342,13410,13419,2,2,4,5,50
1343,13420,13429,3,4,1,9,50
1344,13430,13439,5,2,1,4,50
1345,13440,13449,3,1,3,6,50
1346,13450,13459,5,5,3,5,50
1347,13460,13469,7,9,2,0,50
1348,13470,13479,6,2,5,2,50
1349,13480,13489,3,2,5,3,50
1350,13490,13499,3,5,5,3,50
1351,13500,13509,5,5,5,2,50
1352,13510,13519,5,3,2,2,50
1353,13520,13529,3,3,3,3,50
1354,13530,13539,4,4,4,5,50
1355,13540,13549,7,3,4,1,50
1356,13550,13559,4,5,6,6,50
1357,13560,13569,5,6,1,1,50
1358,13570,13579,2,3,6,8,50
1359,13580,13589,6,7,1,5,50
1360,13590,13599,1,4,4,4,50
1361,13600,13609,6,3,4,6,50
1362,13610,13619,3,1,4,6,50
1363,13620,13629,4,6,6,3,50
1364,13630,13639,6,6,5,1,50
1365,13640,13649,2,4,5,4,50
1366,13650,13659,5,1,5,3,50
1367,13660,13669,3,3,2,5,50
1368,13670,13679,1,1,4,4,50
1369,13680,13689,2,3,8,4,50
1370,13690,13699,5,4,2,5,50
1371,13700,13709,7,4,4,5,50
1372,13710,13719,4,3,4,3,50
1373,13720,13729,6,5,3,4,50
1374,13730,13739,2,0,3,5,50
1375,13740,13749,7,10,5,4,50
1376,13750,13759,3,4,7,6,50
1377,13760,13769,2,7,4,0,50
1378,13770,13779,4,1,6,4,50
1379,13780,13789,3,4,3,2,50
1380,13790,13799,1,4,6,4,50
1381,13800,13809,4,3,4,4,50
1382,13810,13819,6,4,2,3,50
1383,13820,13829,3,4,8,6,50
1384,13830,13839,4,5,4,6,50
1385,13840,13849,6,5,2,5,50
1386,13850,13859,7,9,1,4,50
1387,13860,13869,7,7,3,4,50
1388,13870,13879,2,3,2,2,50
1389,13880,13889,2,5,1,1,50
1390,13890,13899,5,5,2,4,50
1391,13900,13909,3,6,2,6,50
1392,13910,13919,7,4,6,4,50
1393,13920,13929,4,7,1,3,50
1394,13930,13939,4,5,2,4,50
1395,13940,13949,2,5,2,3,50
1396,13950,13959,5,5,3,3,50
1397,13960,13969,2,7,3,2,50
1398,13970,13979,3,6,4,7,50
1399,13980,13989,7,2,4,7,50
1400,13990,13999,4,4,3,6,50
1401,14000,14009,4,4,4,7,50
1402,14010,14019,3,3,4,5,50
1403,14020,14029,2,4,6,5,50
1404,14030,14039,1,2,5,2,50
1405,14040,14049,2,5,1,4,50
1406,14050,14059,6,1,6,1,50
1407,14060,14069,3,6,4,2,50
1408,14070,14079,4,6,4,1,50
1409,14080,14089,4,5,2,1,50
1410,14090,14099,6,2,2,6,50
1411,14100,14109,5,3,5,5,50
1412,14110,14119,4,2,3,2,50
1413,14120,14129,2,6,5,4,50
1414,14130,14139,4,3,3,3,50
1415,14140,14149,4,2,4,2,50
1416,14150,14159,3,6,2,1,50
1417,14160,14169,5,1,3,2,50
1418,14170,14179,4,6,1,4,50
1419,14180,14189,4,6,4,5,50
1420,14190,14199,1,3,5,4,50
1421,14200,14209,10,3,2,3,50
1422,14210,14219,1,5,1,3,50
1423,14220,14229,2,4,4,3,50
1424,14230,14239,3,4,2,3,50
1425,14240,14249,3,3,8,3,50
1426,14250,14259,2,3,7,4,50
1427,14260,14269,3,4,4,5,50
1428,14270,14279,6,6,3,4,50
1429,14280,14289,0,3,4,7,50
1430,14290,14299,3,4,2,6,50
1431,14300,14309,2,4,3,3,50
1432,14310,14319,4,6,3,3,50
1433,14320,14329,4,4,3,6,50
1434,14330,14339,2,4,4,5,50
1435,14340,14349,6,6,5,2,50
1436,14350,14359,9,4,3,3,50
1437,14360,14369,6,2,4,3,50
1438,14370,14379,5,4,3,5,50
1439,14380,14389,3,4,3,5,50
1440,14390,14399,5,4,2,2,50
1441,14400,14409,7,5,3,5,50
1442,14410,14419,6,3,4,6,50
1443,14420,14429,4,3,2,8,50
1444,14430,14439,1,1,4,7,50
1445,14440,14449,4,4,7,3,50
1446,14450,14459,4,3,5,4,50
1447,14460,14469,5,3,4,5,50
1448,14470,14479,5,6,2,6,50
1449,14480,14489,5,5,2,3,50
1450,14490,14499,2,6,4,5,50
1451,14500,14509,5,4,3,5,50
1452,14510,14519,1,4,4,7,50
1453,14520,14529,1,7,2,2,50
1454,14530,14539,4,7,4,5,50
1455,14540,14549,4,2,3,4,50
1456,14550,14559,3,5,4,3,50
1457,14560,14569,5,2,2,7,50
1458,14570,14579,5,5,6,6,50
1459,14580,14589,3,7,7,2,50
1460,14590,14599,3,6,4,1,50
1461,14600,14609,2,2,4,4,50
1462,14610,14619,1,2,5,4,50
1463,14620,14629,1,5,6,6,50
1464,14630,14639,4,2,1,4,50
1465,14640,14649,2,3,4,5,50
1466,14650,14659,2,2,4,7,50
1467,14660,14669,5,2,3,6,50
1468,14670,14679,3,1,4,4,50
1469,14680,14689,5,4,2,1,50
1470,14690,14699,2,3,4,3,50
1471,14700,14709,4,2,4,4,50
1472,14710,14719,7,4,4,5,50
1473,14720,14729,3,5,4,6,50
1474,14730,14739,3,4,3,3,50
1475,14740,14749,5,3,3,7,50
1476,14750,14759,2,6,4,5,50
1477,14760,14769,1,4,5,4,50
1478,14770,14779,3,5,2,4,50
1479,14780,14789,1,4,4,6,50
1480,14790,14799,10,3,3,3,50
1481,14800,14809,2,2,7,4,50
1482,14810,14819,2,2,5,3,50
1483,14820,14829,1,5,6,3,50
1484,14830,14839,6,4,6,2,50
1485,14840,14849,7,3,3,3,50
1486,14850,14859,3,9,3,4,50
1487,14860,14869,0,5,4,6,50
1488,14870,14879,3,4,8,3,50
1489,14880,14889,7,2,4,3,50
1490,14890,14899,4,0,4,3,50
1491,14900,14909,2,0,5,3,50
1492,14910,14919,5,1,4,3,50
1493,14920,14929,1,4,1,5,50
1494,14930,14939,5,5,2,5,50
1495,14940,14949,3,2,3,10,50
1496,14950,14959,5,2,4,4,50
1497,14960,14969,3,6,5,4,50
1498,14970,14979,3,3,3,3,50
1499,14980,14989,4,3,6,8,50
1500,14990,14999,4,2,6,3,50
1501,15000,15009,4,5,8,2,50
1502,15010,15019,5,2,6,3,50
1503,15020,15029,2,3,3,3,50
1504,15030,15039,2,9,6,4,50
1505,15040,15049,2,5,3,6,50
1506,15050,15059,4,5,4,3,50
1507,15060,15069,2,6,3,7,50
1508,15070,15079,6,4,6,2,50
1509,15080,15089,2,4,4,5,50
1510,15090,15099,1,4,6,4,50
1511,15100,15109,4,1,3,5,50
1512,15110,15119,5,5,2,2,50
1513,15120,15129,5,2,5,1,50
1514,15130,15139,6,5,3,5,50
1515,15140,15149,5,8,4,5,50
1516,15150,15159,2,3,3,3,50
1517,15160,15169,3,1,6,1,50
1518,15170,15179,4,4,4,5,50
1519,15180,15189,4,4,3,3,50
1520,15190,15199,5,4,9,4,50
1521,15200,15209,3,6,1,4,50
1522,15210,15219,2,4,5,7,50
1523,15220,15229,4,4,2,2,50
1524,15230,15239,2,4,6,6,50
1525,15240,15249,5,5,3,7,50
1526,15250,15259,3,4,2,3,50
1527,15260,15269,6,6,2,2,50
1528,15270,15279,6,5,2,3,50
1529,15280,15289,2,3,5,2,50
1530,15290,15299,5,5,4,2,50
1531,15300,15309,4,2,2,2,50
1532,15310,15319,3,5,3,1,50
1533,15320,15329,4,1,4,3,50
1534,15330,15339,4,8,5,8,50
1535,15340,15349,2,2,4,6,50
1536,15350,15359,2,3,3,2,50
1537,15360,15369,2,3,4,4,50
1538,15370,15379,1,5,2,5,50
1539,15380,15389,4,2,8,4,50
1540,15390,15399,3,1,5,5,50
1541,15400,15409,5,7,1,4,50
1542,15410,15419,3,5,3,3,50
1543,15420,15429,4,5,4,3,50
1544,15430,15439,3,5,8,2,50
1545,15440,15449,4,6,2,1,50
1546,15450,15459,2,5,4,5,50
1547,15460,15469,3,6,2,8,50
1548,15470,15479,1,9,3,6,50
1549,15480,15489,3,7,4,2,50
1550,15490,15499,3,2,2,4,50
1551,15500,15509,2,7,3,2,50
1552,15510,15519,5,3,5,1,50
1553,15520,15529,3,4,4,3,50
1554,15530,15539,3,4,6,5,50
1555,15540,15549,2,2,5,5,50
1556,15550,15559,2,5,4,3,50
1557,15560,15569,7,4,2,3,50
1558,15570,15579,4,7,6,1,50
1559,15580,15589,1,8,2,7,50
1560,15590,15599,6,7,3,2,50
1561,15600,15609,4,3,3,3,50
1562,15610,15619,3,4,5,6,50
1563,15620,15629,2,1,6,10,50
1564,15630,15639,6,3,6,3,50
1565,15640,15649,5,4,1,8,50
1566,15650,15659,4,4,3,3,50
1567,15660,15669,7,4,4,4,50
1568,15670,15679,6,4,7,2,50
1569,15680,15689,3,7,1,7,50
1570,15690,15699,6,5,1,7,50
1571,15700,15709,3,5,8,7,50
1572,15710,15719,4,5,3,4,50
1573,15720,15729,3,4,1,2,50
1574,15730,15739,3,0,5,5,50
1575,15740,15749,6,5,2,4,50
1576,15750,15759,3,9,4,0,50
1577,15760,15769,3,3,6,4,50
1578,15770,15779,3,3,4,6,50
1579,15780,15789,4,3,3,5,50
1580,15790,15799,3,5,7,5,50
1581,15800,15809,5,6,4,3,50
1582,15810,15819,2,4,6,5,50
1583,15820,15829,3,5,6,2,50
1584,15830,15839,5,4,3,4,50
1585,15840,15849,4,0,3,2,50
1586,15850,15859,7,3,2,3,50
1587,15860,15869,5,3,0,4,50
1588,15870,15879,2,0,7,2,50
1589,15880,15889,1,4,8,4,50
1590,15890,15899,0,6,5,2,50
1591,15900,15909,0,4,7,5,50
1592,15910,15919,4,6,5,5,50
1593,15920,15929,3,4,2,3,50
1594,15930,15939,0,4,4,4,50
1595,15940,15949,6,1,4,4,50
1596,15950,15959,7,8,4,2,50
1597,15960,15969,6,3,1,4,50
1598,15970,15979,3,2,4,3,50
1599,15980,15989,3,3,4,0,50
1600,15990,15999,5,2,5,3,50
1601,16000,16009,2,1,2,4,50
1602,16010,16019,3,5,7,6,50
1603,16020,16029,3,4,8,7,50
1604,16030,16039,4,7,4,2,50
1605,16040,16049,4,7,1,4,50
1606,16050,16059,5,3,7,4,50
1607,16060,16069,3,5,6,5,50
1608,16070,16079,8,4,1,3,50
1609,16080,16089,3,3,4,4,50
1610,16090,16099,5,4,7,4,50
1611,16100,16109,4,4,2,6,50
1612,16110,16119,3,2,4,1,50
1613,16120,16129,3,4,3,9,50
1614,16130,16139,3,2,4,4,50
1615,16140,16149,6,2,3,4,50
1616,16150,16159,4,3,5,3,50
1617,16160,16169,6,3,2,4,50
1618,16170,16179,3,5,4,3,50
1619,16180,16189,5,3,3,4,50
1620,16190,16199,5,4,2,3,50
1621,16200,16209,2,6,3,4,50
1622,16210,16219,4,3,2,2,50
1623,16220,16229,6,2,3,7,50
1624,16230,16239,7,3,3,2,50
1625,16240,16249,5,2,4,4,50
1626,16250,16259,5,4,2,5,50
1627,16260,16269,2,0,6,1,50
1628,16270,16279,2,6,2,2,50
1629,16280,16289,4,5,6,4,50
1630,16290,16299,4,5,6,3,50
1631,16300,16309,5,4,3,3,50
1632,16310,16319,4,5,3,6,50
1633,16320,16329,11,4,3,4,50
1634,16330,16339,6,5,3,3,50
1635,16340,16349,4,7,4,4,50
1636,16350,16359,3,3,4,0,50
1637,16360,16369,6,3,4,2,50
1638,16370,16379,1,8,4,1,50
1639,16380,16389,3,1,2,7,50
1640,16390,16399,5,5,5,5,50
1641,16400,16409,4,5,4,2,50
1642,16410,16419,5,4,2,3,50
1643,16420,16429,2,3,4,5,50
1644,16430,16439,4,4,4,1,50
1645,16440,16449,8,3,6,4,50
1646,16450,16459,2,4,2,5,50
1647,16460,16469,1,6,4,4,50
1648,16470,16479,2,2,6,8,50
1649,16480,16489,5,5,3,6,50
1650,16490,16499,5,4,6,5,50
1651,16500,16509,6,1,2,7,50
1652,16510,16519,4,2,3,6,50
1653,16520,16529,6,2,5,2,50
1654,16530,16539,1,5,6,1,50
1655,16540,16549,2,4,8,5,50
1656,16550,16559,2,5,4,2,50
1657,16560,16569,4,5,2,3,50
1658,16570,16579,3,1,7,6,50
1659,16580,16589,5,2,5,4,50
1660,16590,16599,2,4,12,3,50
1661,16600,16609,3,2,5,5,50
1662,16610,16619,3,2,3,4,50
1663,16620,16629,8,7,4,3,50
1664,16630,16639,4,4,7,4,50
1665,16640,16649,5,6,4,3,50
1666,16650,16659,5,3,7,7,50
1667,16660,16669,2,2,6,6,50
1668,16670,16679,2,6,4,9,50
1669,16680,16689,4,7,4,6,50
1670,16690,16699,6,5,5,3,50
1671,16700,16709,5,4,6,3,50
1672,16710,16719,3,4,2,3,50
1673,16720,16729,7,6,5,5,50
1674,16730,16739,2,3,4,6,50
1675,16740,16749,5,7,3,3,50
1676,16750,16759,6,3,4,10,50
1677,16760,16769,4,1,3,4,50
1678,16770,16779,1,3,6,3,50
1679,16780,16789,3,1,3,4,50
1680,16790,16799,3,3,5,4,50
1681,16800,16809,2,1,5,4,50
1682,16810,16819,2,5,3,4,50
1683,16820,16829,7,7,4,3,50
1684,16830,16839,5,7,3,3,50
1685,16840,16849,5,6,7,4,50
1686,16850,16859,2,9,1,1,50
1687,16860,16869,3,5,3,5,50
1688,16870,16879,4,6,4,2,50
1689,16880,16889,2,4,4,5,50
1690,16890,16899,5,0,2,5,50
1691,16900,16909,3,3,5,6,50
1692,16910,16919,3,2,4,5,50
1693,16920,16929,4,4,3,5,50
1694,16930,16939,6,2,5,4,50
1695,16940,16949,3,4,5,3,50
1696,16950,16959,0,4,3,1,50
1697,16960,16969,5,3,7,3,50
1698,16970,16979,3,3,8,1,50
1699,16980,16989,7,4,1,4,50
1700,16990,16999,8,1,3,3,50
1701,17000,17009,3,5,3,3,50
1702,17010,17019,4,6,1,4,50
1703,17020,17029,5,4,4,4,50
1704,17030,17039,4,5,3,4,50
1705,17040,17049,6,4,3,3,50
1706,17050,17059,3,6,2,5,50
1707,17060,17069,4,4,5,3,50
1708,17070,17079,5,3,6,3,50
1709,17080,17089,5,5,4,2,50
1710,17090,17099,4,2,4,5,50
1711,17100,17109,2,3,5,2,50
1712,17110,17119,3,2,3,8,50
1713,17120,17129,4,4,3,3,50
1714,17130,17139,6,3,4,6,50
1715,17140,17149,5,4,4,2,50
1716,17150,17159,4,1,6,3,50
1717,17160,17169,7,3,4,5,50
1718,17170,17179,7,4,3,3,50
1719,17180,17189,3,2,5,2,50
1720,17190,17199,5,3,4,1,50
1721,17200,17209,3,3,3,4,50
1722,17210,17219,0,5,6,4,50
1723,17220,17229,4,2,3,5,50
1724,17230,17239,2,4,5,4,50
1725,17240,17249,6,4,3,7,50
1726,17250,17259,4,5,7,6,50
1727,17260,17269,2,4,7,1,50
1728,17270,17279,7,4,4,4,50
1729,17280,17289,4,6,1,4,50
1730,17290,17299,6,6,3,4,50
1731,17300,17309,2,8,4,6,50
1732,17310,17319,2,3,1,2,50
1733,17320,17329,2,4,5,3,50
1734,17330,17339,4,6,5,2,50
1735,17340,17349,5,2,4,1,50
1736,17350,17359,3,3,5,3,50
1737,17360,17369,6,3,5,3,50
1738,17370,17379,1,4,7,4,50
1739,17380,17389,6,5,1,2,50
1740,17390,17399,6,3,3,4,50
1741,17400,17409,3,2,4,5,50
1742,17410,17419,2,3,3,4,50
1743,17420,17429,4,5,5,4,50
1744,17430,17439,6,2,4,2,50
1745,17440,17449,4,2,2,3,50
1746,17450,17459,5,5,2,3,50
1747,17460,17469,2,5,3,2,50
1748,17470,17479,3,6,3,4,50
1749,17480,17489,4,6,4,4,50
1750,17490,17499,3,6,5,6,50
1751,17500,17509,3,3,3,7,50
1752,17510,17519,4,7,5,4,50
1753,17520,17529,4,3,3,4,50
1754,17530,17539,5,3,5,3,50
1755,17540,17549,2,0,5,6,50
1756,17550,17559,2,1,5,1,50
1757,17560,17569,5,4,6,1,50
1758,17570,17579,5,0,3,3,50
1759,17580,17589,4,2,1,3,50
1760,17590,17599,5,3,7,2,50
1761,17600,17609,7,2,2,5,50
1762,17610,17619,6,1,3,2,50
1763,17620,17629,3,4,4,3,50
1764,17630,17639,7,2,4,3,50
1765,17640,17649,4,2,4,6,50
1766,17650,17659,3,2,6,5,50
1767,17660,17669,0,1,5,4,50
1768,17670,17679,5,7,4,3,50
1769,17680,17689,2,4,5,2,50
1770,17690,17699,2,1,1,5,50
1771,17700,17709,3,0,5,2,50
1772,17710,17719,3,3,4,8,50
1773,17720,17729,2,1,3,11,50
1774,17730,17739,4,4,3,4,50
1775,17740,17749,3,7,5,4,50
1776,17750,17759,3,5,9,2,50
1777,17760,17769,4,3,5,2,50
1778,17770,17779,3,3,3,3,50
1779,17780,17789,5,2,6,4,50
1780,17790,17799,3,7,3,6,50
1781,17800,17809,5,6,4,1,50
1782,17810,17819,5,6,4,8,50
1783,17820,17829,4,4,3,8,50
1784,17830,17839,6,4,6,3,50
1785,17840,17849,4,3,2,8,50
1786,17850,17859,3,2,2,5,50
1787,17860,17869,7,7,4,4,50
1788,17870,17879,6,1,2,4,50
1789,17880,17889,2,4,5,5,50
1790,17890,17899,8,5,2,3,50
1791,17900,17909,0,3,3,6,50
1792,17910,17919,7,4,4,3,50
1793,17920,17929,4,6,2,5,50
1794,17930,17939,3,8,6,2,50
1795,17940,17949,4,7,10,3,50
1796,17950,17959,1,4,5,5,50
1797,17960,17969,4,3,2,6,50
1798,17970,17979,6,1,6,1,50
1799,17980,17989,3,2,6,3,50
1800,17990,17999,4,3,4,4,50
1801,18000,18009,1,5,1,9,50
1802,18010,18019,4,5,7,6,50
1803,18020,18029,2,0,7,4,50
1804,18030,18039,5,2,9,1,50
1805,18040,18049,3,5,5,4,50
1806,18050,18059,3,6,8,2,50
1807,18060,18069,4,6,5,5,50
1808,18070,18079,6,2,6,4,50
1809,18080,18089,6,3,4,8,50
1810,18090,18099,4,3,3,2,50
1811,18100,18109,5,8,3,2,50
1812,18110,18119,7,3,4,1,50
1813,18120,18129,1,5,1,7,50
1814,18130,18139,0,3,9,7,50
1815,18140,18149,2,3,1,6,50
1816,18150,18159,4,1,5,3,50
1817,18160,18169,1,2,2,6,50
1818,18170,18179,4,3,5,3,50
1819,18180,18189,4,5,6,6,50
1820,18190,18199,4,6,3,2,50
1821,18200,18209,4,3,6,2,50
1822,18210,18219,3,4,6,2,50
1823,18220,18229,5,5,0,3,50
1824,18230,18239,5,4,6,4,50
1825,18240,18249,6,4,4,2,50
1826,18250,18259,2,6,4,5,50
1827,18260,18269,4,1,4,3,50
1828,18270,18279,3,5,5,3,50
1829,18280,18289,5,1,6,1,50
1830,18290,18299,3,4,6,3,50
1831,18300,18309,1,5,5,6,50
1832,18310,18319,2,6,2,6,50
1833,18320,18329,2,11,2,4,50
1834,18330,18339,3,3,1,3,50
1835,18340,18349,5,2,5,5,50
1836,18350,18359,6,4,6,1,50
1837,18360,18369,2,4,5,4,50
1838,18370,18379,4,4,7,3,50
1839,18380,18389,2,4,1,6,50
1840,18390,18399,4,8,2,1,50
1841,18400,18409,4,1,4,5,50
1842,18410,18419,2,4,4,6,50
1843,18420,18429,3,5,2,2,50
1844,18430,18439,5,3,4,4,50
1845,18440,18449,2,4,3,2,50
1846,18450,18459,1,2,5,4,50
1847,18460,18469,3,2,4,7,50
1848,18470,18479,7,4,2,4,50
1849,18480,18489,3,4,5,0,50
1850,18490,18499,2,5,5,1,50
1851,18500,18509,6,2,7,3,50
1852,18510,18519,3,3,4,4,50
1853,18520,18529,1,4,8,5,50
1854,18530,18539,4,3,5,4,50
1855,18540,18549,7,4,3,6,50
1856,18550,18559,5,0,3,5,50
1857,18560,18569,2,2,1,6,50
1858,18570,18579,5,4,4,7,50
1859,18580,18589,6,3,2,4,50
1860,18590,18599,3,3,6,6,50
1861,18600,18609,6,3,7,3,50
1862,18610,18619,3,4,3,2,50
1863,18620,18629,5,1,6,3,50
1864,18630,18639,5,1,3,2,50
1865,18640,18649,2,5,6,4,50
1866,18650,18659,1,1,1,8,50
1867,18660,18669,5,4,4,4,50
1868,18670,18679,1,2,4,2,50
1869,18680,18689,4,7,3,3,50
1870,18690,18699,6,3,4,2,50
1871,18700,18709,3,4,5,3,50
1872,18710,18719,5,7,5,4,50
1873,18720,18729,2,5,1,6,50
1874,18730,18739,4,3,5,4,50
1875,18740,18749,6,1,2,4,50
1876,18750,18759,4,4,2,3,50
1877,18760,18769,2,7,3,6,50
1878,18770,18779,4,3,5,5,50
1879,18780,18789,8,0,3,4,50
1880,18790,18799,4,0,5,4,50
1881,18800,18809,1,2,4,8,50
1882,18810,18819,5,4,8,5,50
1883,18820,18829,2,5,4,3,50
1884,18830,18839,3,3,5,5,50
1885,18840,18849,5,3,3,5,50
1886,18850,18859,4,4,2,3,50
1887,18860,18869,5,4,3,2,50
1888,18870,18879,2,7,1,3,50
1889,18880,18889,4,7,6,2,50
1890,18890,18899,3,2,6,1,50
1891,18900,18909,5,3,2,9,50
1892,18910,18919,3,1,4,2,50
1893,18920,18929,4,4,3,2,50
1894,18930,18939,2,7,3,1,50
1895,18940,18949,5,5,6,3,50
1896,18950,18959,3,4,2,6,50
1897,18960,18969,2,6,5,4,50
1898,18970,18979,6,3,3,5,50
1899,18980,18989,5,9,2,5,50
1900,18990,18999,8,3,3,4,50
1901,19000,19009,0,4,3,1,50
1902,19010,19019,3,0,4,2,50
1903,19020,19029,5,8,3,2,50
1904,19030,19039,2,3,3,11,50
1905,19040,19049,5,5,5,4,50
1906,19050,19059,2,4,5,5,50
1907,19060,19069,2,3,6,3,50
1908,19070,19079,4,4,4,1,50
1909,19080,19089,5,5,7,4,50
1910,19090,19099,7,2,4,3,50
1911,19100,19109,2,2,3,5,50
1912,19110,19119,7,3,4,2,50
1913,19120,19129,4,5,2,4,50
1914,19130,19139,5,7,2,1,50
1915,19140,19149,4,4,5,4,50
1916,19150,19159,7,3,6,3,50
1917,19160,19169,4,3,4,4,50
1918,19170,19179,3,4,2,5,50
1919,19180,19189,8,5,3,2,50
1920,19190,19199,6,7,7,5,50
1921,19200,19209,0,3,5,7,50
1922,19210,19219,4,6,1,5,50
1923,19220,19229,5,9,1,2,50
1924,19230,19239,3,9,5,2,50
1925,19240,19249,7,2,3,5,50
1926,19250,19259,2,2,4,6,50
1927,19260,19269,6,4,3,1,50
1928,19270,19279,3,7,4,4,50
1929,19280,19289,8,4,4,4,50
1930,19290,19299,3,5,3,3,50
1931,19300,19309,4,4,5,5,50
1932,19310,19319,4,4,1,7,50
1933,19320,19329,6,4,2,2,50
1934,19330,19339,3,8,3,3,50
1935,19340,19349,1,5,7,6,50
1936,19350,19359,5,1,4,3,50
1937,19360,19369,3,5,2,3,50
1938,19370,19379,4,5,4,3,50
1939,19380,19389,6,3,3,4,50
1940,19390,19399,5,5,8,3,50
1941,19400,19409,5,3,4,4,50
1942,19410,19419,7,4,2,5,50
1943,19420,19429,5,4,5,3,50
1944,19430,19439,7,4,2,6,50
1945,19440,19449,5,8,8,5,50
1946,19450,19459,4,1,6,4,50
1947,19460,19469,4,5,6,2,50
1948,19470,19479,5,4,5,2,50
1949,19480,19489,2,7,4,1,50
1950,19490,19499,3,5,4,6,50
1951,19500,19509,6,6,3,4,50
1952,19510,19519,3,3,3,3,50
1953,19520,19529,4,2,3,4,50
1954,19530,19539,6,4,4,4,50
1955,19540,19549,4,3,3,3,50
1956,19550,19559,6,7,4,1,50
1957,19560,19569,5,4,3,3,50
1958,19570,19579,5,1,4,5,50
1959,19580,19589,4,1,3,9,50
1960,19590,19599,2,4,1,4,50
1961,19600,19609,1,4,2,5,50
1962,19610,19619,6,7,4,0,50
1963,19620,19629,2,2,7,3,50
1964,19630,19639,5,2,3,5,50
1965,19640,19649,3,1,5,5,50
1966,19650,19659,1,3,1,5,50
1967,19660,19669,4,0,1,4,50
1968,19670,19679,3,3,2,4,50
1969,19680,19689,5,5,2,4,50
1970,19690,19699,4,4,3,3,50
1971,19700,19709,1,3,8,0,50
1972,19710,19719,1,4,6,3,50
1973,19720,19729,1,4,5,3,50
1974,19730,19739,2,2,6,2,50
1975,19740,19749,2,2,3,1,50
1976,19750,19759,5,4,2,4,50
1977,19760,19769,5,4,5,5,50
1978,19770,19779,7,8,2,6,50
1979,19780,19789,5,5,3,5,50
1980,19790,19799,5,5,4,3,50
1981,19800,19809,4,7,2,1,50
1982,19810,19819,4,2,4,3,50
1983,19820,19829,2,5,1,4,50
1984,19830,19839,3,4,5,4,50
1985,19840,19849,5,3,6,5,50
1986,19850,19859,4,3,3,2,50
1987,19860,19869,7,5,2,6,50
1988,19870,19879,5,3,4,4,50
1989,19880,19889,2,4,2,2,50
1990,19890,19899,1,2,3,3,50
1991,19900,19909,6,5,3,1,50
1992,19910,19919,7,2,1,3,50
1993,19920,19929,5,7,3,3,50
1994,19930,19939,2,1,3,7,50
1995,19940,19949,2,2,4,4,50
1996,19950,19959,3,3,2,4,50
1997,19960,19969,2,2,2,6,50
1998,19970,19979,3,6,3,5,50
1999,19980,19989,6,3,7,6,50
2000,19990,19999,5,4,4,4,50
2001,20000,20009,4,2,1,5,50
2002,20010,20019,6,5,1,2,50
2003,20020,20029,6,3,5,2,50
2004,20030,20039,6,5,5,1,50
2005,20040,20049,7,3,5,1,50
2006,20050,20059,3,4,5,6,50
2007,20060,20069,6,2,6,4,50
2008,20070,20079,0,5,4,9,50
2009,20080,20089,2,2,4,5,50
2010,20090,20099,5,4,4,3,50
2011,20100,20109,3,2,3,3,50
2012,20110,20119,5,8,3,4,50
2013,20120,20129,2,4,6,7,50
2014,20130,20139,3,3,4,4,50
2015,20140,20149,4,5,3,3,50
2016,20150,20159,1,4,2,4,50
2017,20160,20169,4,3,2,6,50
2018,20170,20179,4,4,2,1,50
2019,20180,20189,6,1,4,4,50
2020,20190,20199,6,4,7,5,50
2021,20200,20209,2,3,5,2,50
2022,20210,20219,7,4,3,2,50
2023,20220,20229,3,6,5,6,50
2024,20230,20239,6,7,3,2,50
2025,20240,20249,0,4,3,4,50
2026,20250,20259,2,0,3,6,50
2027,20260,20269,7,7,5,3,50
2028,20270,20279,3,3,5,4,50
2029,20280,20289,5,0,5,5,50
2030,20290,20299,3,7,3,5,50
2031,20300,20309,7,6,2,3,50
2032,20310,20319,7,6,5,2,50
2033,20320,20329,7,3,4,4,50
2034,20330,20339,1,6,3,3,50
2035,20340,20349,2,2,5,7,50
2036,20350,20359,5,4,4,4,50
2037,20360,20369,4,4,5,7,50
2038,20370,20379,3,6,1,1,50
2039,20380,20389,3,3,4,4,50
2040,20390,20399,4,7,6,4,50
2041,20400,20409,3,1,2,4,50
2042,20410,20419,1,6,4,3,50
2043,20420,20429,7,2,1,4,50
2044,20430,20439,1,5,3,2,50
2045,20440,20449,3,3,3,5,50
2046,20450,20459,4,2,4,3,50
2047,20460,20469,3,7,8,2,50
2048,20470,20479,3,6,4,4,50
2049,20480,20489,5,3,5,1,50
2050,20490,20499,6,2,5,4,50
2051,20500,20509,7,3,3,3,50
2052,20510,20519,3,2,3,6,50
2053,20520,20529,4,6,8,2,50
2054,20530,20539,4,4,5,5,50
2055,20540,20549,6,3,4,1,50
2056,20550,20559,5,1,0,6,50
2057,20560,20569,4,6,3,5,50
2058,20570,20579,3,4,2,6,50
2059,20580,20589,8,5,3,4,50
2060,20590,20599,2,2,4,4,50
2061,20600,20609,5,3,6,3,50
2062,20610,20619,2,5,2,2,50
2063,20620,20629,4,3,3,4,50
2064,20630,20639,4,0,3,5,50
2065,20640,20649,8,3,4,4,50
2066,20650,20659,3,3,2,6,50
2067,20660,20669,5,2,1,7,50
2068,20670,20679,1,4,2,3,50
2069,20680,20689,3,6,4,1,50
2070,20690,20699,7,3,3,4,50
2071,20700,20709,4,3,4,1,50
2072,20710,20719,3,6,5,7,50
2073,20720,20729,4,4,2,4,50
2074,20730,20739,4,3,2,5,50
2075,20740,20749,6,1,5,4,50
2076,20750,20759,3,2,3,3,50
2077,20760,20769,1,7,3,2,50
2078,20770,20779,3,4,3,3,50
2079,20780,20789,1,6,6,8,50
2080,20790,20799,3,2,6,4,50
2081,20800,20809,4,5,2,4,50
2082,20810,20819,6,1,7,6,50
2083,20820,20829,4,3,5,4,50
2084,20830,20839,3,2,1,4,50
2085,20840,20849,4,2,2,6,50
2086,20850,20859,1,3,5,4,50
2087,20860,20869,1,8,3,4,50
2088,20870,20879,5,5,3,2,50
2089,20880,20889,4,1,3,3,50
2090,20890,20899,0,7,4,1,50
2091,20900,20909,2,5,1,8,50
2092,20910,20919,1,6,7,7,50
2093,20920,20929,5,6,0,3,50
2094,20930,20939,3,1,2,5,50
2095,20940,20949,2,5,3,4,50
2096,20950,20959,3,6,3,3,50
2097,20960,20969,3,4,6,4,50
2098,20970,20979,4,3,3,3,50
2099,20980,20989,5,6,2,0,50
2100,20990,20999,1,3,7,2,50
2101,21000,21009,6,2,6,3,50
2102,21010,21019,4,3,7,3,50
2103,21020,21029,2,3,7,7,50
2104,21030,21039,4,2,4,5,50
2105,21040,21049,2,3,7,2,50
2106,21050,21059,4,1,2,6,50
2107,21060,21069,2,4,2,8,50
2108,21070,21079,6,3,1,4,50
2109,21080,21089,2,4,3,2,50
2110,21090,21099,5,3,3,4,50
2111,21100,21109,6,0,5,2,50
2112,21110,21119,4,3,4,5,50
2113,21120,21129,6,4,8,4,50
2114,21130,21139,1,5,5,0,50
2115,21140,21149,5,5,6,2,50
2116,21150,21159,3,3,8,2,50
2117,21160,21169,3,3,2,5,50
2118,21170,21179,4,5,3,3,50
2119,21180,21189,1,3,8,4,50
2120,21190,21199,1,4,3,4,50
2121,21200,21209,10,2,4,3,50
2122,21210,21219,4,4,4,2,50
2123,21220,21229,2,1,3,7,50
2124,21230,21239,8,2,4,3,50
2125,21240,21249,2,5,3,4,50
2126,21250,21259,4,5,5,3,50
2127,21260,21269,6,4,2,5,50
2128,21270,21279,2,6,3,4,50
2129,21280,21289,4,4,5,3,50
2130,21290,21299,1,1,2,7,50
2131,21300,21309,5,2,7,4,50
2132,21310,21319,3,2,2,5,50
2133,21320,21329,3,4,2,4,50
2134,21330,21339,3,1,4,5,50
2135,21340,21349,3,2,3,4,50
2136,21350,21359,1,1,2,5,50
2137,21360,21369,4,4,3,3,50
2138,21370,21379,5,5,3,5,50
2139,21380,21389,3,2,7,6,50
2140,21390,21399,3,3,6,6,50
2141,21400,21409,3,6,3,7,50
2142,21410,21419,5,6,1,5,50
2143,21420,21429,2,3,4,8,50
2144,21430,21439,2,8,3,6,50
2145,21440,21449,2,3,4,3,50
2146,21450,21459,2,7,3,7,50
2147,21460,21469,4,4,8,3,50
2148,21470,21479,4,4,3,5,50
2149,21480,21489,5,6,2,1,50
2150,21490,21499,2,9,2,3,50
2151,21500,21509,2,5,2,6,50
2152,21510,21519,4,3,4,3,50
2153,21520,21529,2,2,7,4,50
2154,21530,21539,2,4,5,6,50
2155,21540,21549,5,4,1,3,50
2156,21550,21559,4,3,4,6,50
2157,21560,21569,1,2,5,6,50
2158,21570,21579,3,3,2,6,50
2159,21580,21589,6,3,1,5,50
2160,21590,21599,2,4,7,1,50
2161,21600,21609,3,6,5,6,50
2162,21610,21619,1,5,3,7,50
2163,21620,21629,2,3,4,6,50
2164,21630,21639,2,2,4,4,50
2165,21640,21649,5,5,4,4,50
2166,21650,21659,3,4,4,7,50
2167,21660,21669,5,3,6,2,50
2168,21670,21679,6,4,2,3,50
2169,21680,21689,2,2,2,6,50
2170,21690,21699,7,5,2,3,50
2171,21700,21709,6,4,0,2,50
2172,21710,21719,0,7,6,5,50
2173,21720,21729,2,4,5,2,50
2174,21730,21739,7,4,3,5,50
2175,21740,21749,2,3,7,4,50
2176,21750,21759,1,5,3,2,50
2177,21760,21769,4,5,4,4,50
2178,21770,21779,5,4,5,8,50
2179,21780,21789,4,6,4,5,50
2180,21790,21799,4,8,3,1,50
2181,21800,21809,3,6,5,4,50
2182,21810,21819,5,3,3,7,50
2183,21820,21829,7,3,3,1,50
2184,21830,21839,2,5,11,4,50
2185,21840,21849,3,4,5,2,50
2186,21850,21859,6,5,5,2,50
2187,21860,21869,4,4,4,7,50
2188,21870,21879,6,6,4,5,50
2189,21880,21889,3,5,2,6,50
2190,21890,21899,4,5,4,1,50
2191,21900,21909,2,5,1,4,50
2192,21910,21919,2,3,8,4,50
2193,21920,21929,4,4,3,4,50
2194,21930,21939,1,4,3,2,50
2195,21940,21949,3,4,3,4,50
2196,21950,21959,2,6,3,5,50
2197,21960,21969,5,2,6,1,50
2198,21970,21979,7,5,3,2,50
2199,21980,21989,1,4,6,1,50
2200,21990,21999,4,3,1,3,50
2201,22000,22009,8,2,3,3,50
2202,22010,22019,5,4,5,4,50
2203,22020,22029,3,2,2,5,50
2204,22030,22039,1,3,4,5,50
2205,22040,22049,6,2,6,3,50
2206,22050,22059,6,5,1,5,50
2207,22060,22069,3,7,2,5,50
2208,22070,22079,3,3,3,5,50
2209,22080,22089,4,4,4,4,50
2210,22090,22099,3,4,7,5,50
2211,22100,22109,4,2,2,5,50
2212,22110,22119,2,3,5,1,50
2213,22120,22129,5,2,4,4,50
2214,22130,22139,5,5,6,2,50
2215,22140,22149,3,5,4,3,50
2216,22150,22159,7,4,4,2,50
2217,22160,22169,3,3,3,4,50
2218,22170,22179,2,0,3,7,50
2219,22180,22189,4,5,6,4,50
2220,22190,22199,1,4,1,4,50
2221,22200,22209,6,7,2,2,50
2222,22210,22219,4,4,2,5,50
2223,22220,22229,5,3,5,7,50
2224,22230,22239,5,7,2,4,50
2225,22240,22249,1,3,2,3,50
2226,22250,22259,6,2,3,6,50
2227,22260,22269,6,2,7,3,50
2228,22270,22279,4,4,1,4,50
2229,22280,22289,3,3,4,5,50
2230,22290,22299,1,3,5,4,50
2231,22300,22309,4,4,5,1,50
2232,22310,22319,3,5,3,8,50
2233,22320,22329,4,4,5,2,50
2234,22330,22339,3,6,8,1,50
2235,22340,22349,5,1,3,3,50
2236,22350,22359,2,4,4,2,50
2237,22360,22369,1,4,6,2,50
2238,22370,22379,7,1,4,5,50
2239,22380,22389,2,2,3,2,50
2240,22390,22399,3,3,0,5,50
2241,22400,22409,1,3,4,2,50
2242,22410,22419,3,4,7,5,50
2243,22420,22429,3,3,5,3,50
2244,22430,22439,7,5,2,2,50
2245,22440,22449,3,4,5,7,50
2246,22450,22459,3,4,5,3,50
2247,22460,22469,4,2,3,3,50
2248,22470,22479,3,4,5,5,50
2249,22480,22489,7,2,1,3,50
2250,22490,22499,3,4,2,6,50
2251,22500,22509,8,4,4,2,50
2252,22510,22519,5,4,3,7,50
2253,22520,22529,4,1,2,4,50
2254,22530,22539,4,3,4,6,50
2255,22540,22549,2,3,8,3,50
2256,22550,22559,3,8,1,3,50
2257,22560,22569,5,6,3,4,50
2258,22570,22579,9,4,1,9,50
2259,22580,22589,3,2,3,7,50
2260,22590,22599,2,4,4,5,50
2261,22600,22609,2,3,4,8,50
2262,22610,22619,7,5,2,6,50
2263,22620,22629,6,4,2,6,50
2264,22630,22639,4,1,0,7,50
2265,22640,22649,2,5,1,6,50
2266,22650,22659,5,2,7,3,50
2267,22660,22669,6,4,1,5,50
2268,22670,22679,3,7,3,4,50
2269,22680,22689,6,4,2,6,50
2270,22690,22699,4,5,6,4,50
2271,22700,22709,3,1,6,3,50
2272,22710,22719,1,9,1,7,50
2273,22720,22729,5,3,3,3,50
2274,22730,22739,4,2,3,5,50
2275,22740,22749,3,3,4,6,50
2276,22750,22759,0,4,4,2,50
2277,22760,22769,4,4,4,5,50
2278,22770,22779,2,2,4,7,50
2279,22780,22789,1,4,3,6,50
2280,22790,22799,7,4,6,3,50
2281,22800,22809,2,4,3,9,50
2282,22810,22819,4,1,4,6,50
2283,22820,22829,6,0,4,4,50
2284,22830,22839,3,4,5,6,50
2285,22840,22849,8,1,2,2,50
2286,22850,22859,2,4,3,6,50
2287,22860,22869,6,4,5,4,50
2288,22870,22879,4,3,4,2,50
2289,22880,22889,7,5,4,1,50
2290,22890,22899,5,4,5,2,50
2291,22900,22909,3,7,3,8,50
2292,22910,22919,2,4,6,6,50
2293,22920,22929,4,3,5,5,50
2294,22930,22939,4,7,5,2,50
2295,22940,22949,3,5,3,5,50
2296,22950,22959,3,4,7,2,50
2297,22960,22969,2,1,1,7,50
2298,22970,22979,6,1,2,2,50
2299,22980,22989,1,9,2,5,50
2300,22990,22999,4,1,6,5,50
2301,23000,23009,6,4,4,8,50
2302,23010,23019,0,6,7,2,50
2303,23020,23029,7,4,7,1,50
2304,23030,23039,5,3,3,3,50
2305,23040,23049,1,2,4,4,50
2306,23050,23059,7,6,3,1,50
2307,23060,23069,4,5,5,2,50
2308,23070,23079,3,3,12,2,50
2309,23080,23089,4,4,8,4,50
2310,23090,23099,3,6,3,3,50
2311,23100,23109,2,2,2,2,50
2312,23110,23119,2,6,1,3,50
2313,23120,23129,4,3,5,4,50
2314,23130,23139,2,4,5,5,50
2315,23140,23149,3,3,6,1,50
2316,23150,23159,7,1,4,8,50
2317,23160,23169,4,4,4,2,50
2318,23170,23179,6,6,5,3,50
2319,23180,23189,3,4,3,1,50
2320,23190,23199,5,5,4,5,50
2321,23200,23209,2,2,7,5,50
2322,23210,23219,7,5,4,5,50
2323,23220,23229,2,2,6,4,50
2324,23230,23239,1,7,4,1,50
2325,23240,23249,3,1,5,5,50
2326,23250,23259,1,7,5,3,50
2327,23260,23269,6,5,2,7,50
2328,23270,23279,4,5,5,4,50
2329,23280,23289,4,5,5,3,50
2330,23290,23299,4,3,4,3,50
2331,23300,23309,2,4,4,4,50
2332,23310,23319,2,4,4,6,50
2333,23320,23329,6,7,2,1,50
2334,23330,23339,1,8,3,6,50
2335,23340,23349,6,4,2,2,50
2336,23350,23359,2,2,3,6,50
2337,23360,23369,9,7,2,4,50
2338,23370,23379,5,3,8,3,50
2339,23380,23389,3,5,3,3,50
2340,23390,23399,5,3,4,0,50
2341,23400,23409,5,2,3,4,50
2342,23410,23419,7,4,2,4,50
2343,23420,23429,1,5,1,5,50
2344,23430,23439,5,8,8,1,50
2345,23440,23449,0,3,6,4,50
2346,23450,23459,3,5,7,2,50
2347,23460,23469,3,3,4,2,50
2348,23470,23479,4,2,6,3,50
2349,23480,23489,4,3,5,3,50
2350,23490,23499,6,4,7,2,50
2351,23500,23509,5,3,4,5,50
2352,23510,23519,5,5,3,5,50
2353,23520,23529,5,5,3,6,50
2354,23530,23539,3,3,1,5,50
2355,23540,23549,5,5,5,4,50
2356,23550,23559,5,6,3,4,50
2357,23560,23569,2,4,6,3,50
2358,23570,23579,8,3,1,2,50
2359,23580,23589,6,6,3,7,50
2360,23590,23599,5,5,3,3,50
2361,23600,23609,5,4,3,3,50
2362,23610,23619,3,5,3,2,50
2363,23620,23629,7,4,0,3,50
2364,23630,23639,3,7,4,3,50
2365,23640,23649,3,2,2,7,50
2366,23650,23659,4,6,3,3,50
2367,23660,23669,2,6,1,5,50
2368,23670,23679,6,4,4,5,50
2369,23680,23689,5,5,3,2,50
2370,23690,23699,6,6,1,7,50
2371,23700,23709,2,1,5,2,50
2372,23710,23719,3,5,4,2,50
2373,23720,23729,3,4,2,2,50
2374,23730,23739,3,9,5,3,50
2375,23740,23749,8,4,6,2,50
2376,23750,23759,4,0,4,4,50
2377,23760,23769,3,3,5,5,50
2378,23770,23779,1,5,5,5,50
2379,23780,23789,1,5,4,3,50
2380,23790,23799,5,3,5,3,50
2381,23800,23809,3,5,2,5,50
2382,23810,23819,3,2,5,2,50
2383,23820,23829,4,6,2,1,50
2384,23830,23839,3,2,2,4,50
2385,23840,23849,4,2,5,5,50
2386,23850,23859,3,4,7,6,50
2387,23860,23869,4,6,3,5,50
2388,23870,23879,3,1,3,4,50
2389,23880,23889,2,2,4,3,50
2390,23890,23899,1,5,4,5,50
2391,23900,23909,9,3,1,3,50
2392,23910,23919,8,3,2,4,50
2393,23920,23929,0,5,6,3,50
2394,23930,23939,5,2,5,6,50
2395,23940,23949,7,3,6,6,50
2396,23950,23959,8,1,1,3,50
2397,23960,23969,2,2,2,4,50
2398,23970,23979,9,5,5,1,50
2399,23980,23989,2,6,4,1,50
2400,23990,23999,2,4,4,4,50
2401,24000,24009,3,4,3,7,50
2402,24010,24019,6,4,4,5,50
2403,24020,24029,9,3,5,3,50
2404,24030,24039,1,4,6,4,50
2405,24040,24049,4,2,1,3,50
2406,24050,24059,3,1,2,4,50
2407,24060,24069,2,5,6,6,50
2408,24070,24079,4,2,2,1,50
2409,24080,24089,5,6,4,2,50
2410,24090,24099,6,2,3,4,50
2411,24100,24109,0,2,4,4,50
2412,24110,24119,3,5,2,5,50
2413,24120,24129,4,4,3,3,50
2414,24130,24139,5,6,1,2,50
2415,24140,24149,3,1,2,7,50
2416,24150,24159,6,3,2,4,50
2417,24160,24169,6,6,2,6,50
2418,24170,24179,5,5,5,0,50
2419,24180,24189,3,7,4,4,50
2420,24190,24199,4,3,3,2,50
2421,24200,24209,4,3,5,4,50
2422,24210,24219,1,3,1,3,50
2423,24220,24229,1,7,7,6,50
2424,24230,24239,5,4,4,7,50
2425,24240,24249,6,3,6,4,50
2426,24250,24259,3,6,6,6,50
2427,24260,24269,6,2,7,2,50
2428,24270,24279,4,2,4,4,50
2429,24280,24289,4,4,2,1,50
2430,24290,24299,4,4,3,6,50
2431,24300,24309,4,6,3,2,50
2432,24310,24319,2,7,5,3,50
2433,24320,24329,3,5,3,3,50
2434,24330,24339,2,4,4,1,50
2435,24340,24349,4,3,2,8,50
2436,24350,24359,6,3,3,4,50
2437,24360,24369,5,3,3,4,50
2438,24370,24379,6,2,5,4,50
2439,24380,24389,7,2,3,8,50
2440,24390,24399,5,5,4,6,50
2441,24400,24409,3,3,1,6,50
2442,24410,24419,3,3,8,5,50
2443,24420,24429,5,4,3,1,50
2444,24430,24439,0,3,5,2,50
2445,24440,24449,7,2,6,3,50
2446,24450,24459,6,5,5,3,50
2447,24460,24469,4,4,4,4,50
2448,24470,24479,3,1,2,7,50
2449,24480,24489,2,4,4,7,50
2450,24490,24499,3,2,7,4,50
2451,24500,24509,4,5,3,4,50
2452,24510,24519,5,5,0,1,50
2453,24520,24529,3,3,4,0,50
2454,24530,24539,4,7,5,6,50
2455,24540,24549,1,1,8,4,50
2456,24550,24559,2,1,6,2,50
2457,24560,24569,3,2,3,2,50
2458,24570,24579,5,3,3,2,50
2459,24580,24589,0,4,5,3,50
2460,24590,24599,4,6,5,2,50
2461,24600,24609,7,8,6,1,50
2462,24610,24619,3,8,3,5,50
2463,24620,24629,7,8,4,3,50
2464,24630,24639,4,2,3,8,50
2465,24640,24649,5,5,6,2,50
2466,24650,24659,6,2,6,7,50
2467,24660,24669,3,1,1,3,50
2468,24670,24679,2,4,2,3,50
2469,24680,24689,6,2,2,7,50
2470,24690,24699,4,3,2,6,50
2471,24700,24709,4,5,4,3,50
2472,24710,24719,5,6,1,2,50
2473,24720,24729,6,3,5,6,50
2474,24730,24739,4,2,4,3,50
2475,24740,24749,4,1,5,6,50
2476,24750,24759,4,4,4,7,50
2477,24760,24769,6,4,5,3,50
2478,24770,24779,1,8,1,4,50
2479,24780,24789,3,5,6,1,50
2480,24790,24799,6,1,1,2,50
2481,24800,24809,1,3,9,6,50
2482,24810,24819,2,6,4,3,50
2483,24820,24829,6,2,2,3,50
2484,24830,24839,6,7,6,3,50
2485,24840,24849,3,4,5,3,50
2486,24850,24859,4,6,2,5,50
2487,24860,24869,6,4,2,2,50
2488,24870,24879,4,2,6,4,50
2489,24880,24889,4,8,0,5,50
2490,24890,24899,3,2,2,4,50
2491,24900,24909,4,3,0,6,50
2492,24910,24919,5,5,1,1,50
2493,24920,24929,2,3,4,3,50
2494,24930,24939,6,2,4,6,50
2495,24940,24949,2,6,2,4,50
2496,24950,24959,6,2,3,1,50
2497,24960,24969,4,6,6,2,50
2498,24970,24979,4,4,4,4,50
2499,24980,24989,3,4,3,6,50
2500,24990,24999,6,6,4,2,50
2501,25000,25009,4,7,4,4,50
